level,algorithm,feature_set,target_kbps,rmse_db,mae_db,r2,bias_db,n
frame,ridge,rate_type,all,6.413074761402177,5.3052335781562,0.02600809302383278,-2.7284841053187848e-15,9000
frame,ridge,rate_type,150,6.451953310899307,5.380256852027408,-0.10107667834597645,-0.012639879945426742,3000
frame,ridge,rate_type,300,6.457089869517538,5.358734843814908,-0.09746442074027861,0.045038744038897446,3000
frame,ridge,rate_type,600,6.3293658905889,5.176709038626284,-0.09814391799487376,-0.032398864093478516,3000
frame,ridge,si_ti,all,4.040623407147794,3.2434009782487387,0.6133486833559423,-0.003991118242465114,9000
frame,ridge,si_ti,150,3.71282971323015,3.1059148322329104,0.6353760478130165,-0.007902378713209582,3000
frame,ridge,si_ti,300,4.0328320122099655,3.2536386261625156,0.5719080598300557,0.04104762579643523,3000
frame,ridge,si_ti,600,4.350985409883809,3.3706494763507897,0.4810636294820123,-0.045118601810620856,3000
frame,ridge,qp_only,all,1.774640934516994,1.2646294006964252,0.9254163329511687,0.019533741906425157,9000
frame,ridge,qp_only,150,2.0507901865934555,1.5176682252012803,0.8887557446552307,-0.01542635097663621,3000
frame,ridge,qp_only,300,1.7520637684750624,1.2625804944700014,0.91919902426936,0.06578217602208616,3000
frame,ridge,qp_only,600,1.4739686228542972,1.0136394824179937,0.9404453971003498,0.00824540067382543,3000
frame,ridge,si_ti_qp,all,1.6718901320028146,1.228900733236848,0.9338030146934282,-0.009383688489200709,9000
frame,ridge,si_ti_qp,150,1.9260774348710148,1.4297300322775408,0.9018743337361825,-0.03575026775715943,3000
frame,ridge,si_ti_qp,300,1.6489100984201401,1.2220210536344611,0.928433341002963,0.03676637827067848,3000
frame,ridge,si_ti_qp,600,1.3989178112648146,1.0349511137985425,0.9463557404028947,-0.029167175981121375,3000
frame,ridge,si_ti_qp_cu,all,1.6141543409899572,1.194350935589189,0.9382960651921957,-0.021943454489600528,9000
frame,ridge,si_ti_qp_cu,150,1.8754692399865247,1.3963845997517297,0.9069631445576668,-0.052091964987283385,3000
frame,ridge,si_ti_qp_cu,300,1.5838456777202872,1.1812377010146795,0.9339698148328532,0.03811313589336754,3000
frame,ridge,si_ti_qp_cu,600,1.3381071364585497,1.0054305060011581,0.9509181832247753,-0.05185153437488585,3000
frame,ridge,all_easy,all,1.7313230287311847,1.2995984953556203,0.9290129785238435,-0.07530594630747443,9000
frame,ridge,all_easy,150,1.987976286378618,1.4909158425859816,0.8954660090864198,-0.13177809222428782,3000
frame,ridge,all_easy,300,1.7001660147932043,1.2755018403038596,0.9239149292181266,0.029857197645265465,3000
frame,ridge,all_easy,600,1.4662278459991278,1.13237780317702,0.9410692752219176,-0.12399694434340082,3000
frame,hist_gb,rate_type,all,6.408612001593123,5.30165194137982,0.02736319325282488,-0.00017792458111327709,9000
frame,hist_gb,rate_type,150,6.443787440733152,5.368437796081022,-0.09829130191526447,0.008463533055181946,3000
frame,hist_gb,rate_type,300,6.457439221186042,5.36593666347862,-0.09758317745760547,-0.0002568394004339325,3000
frame,hist_gb,rate_type,600,6.323765135125445,5.170581364579818,-0.09620131760070483,-0.008740467398088071,3000
frame,hist_gb,si_ti,all,5.481002192407081,4.4363120910536935,0.28855276759818005,-0.3193319562548626,9000
frame,hist_gb,si_ti,150,5.0810894110564435,4.107959107735114,0.3171130609706444,-0.24374677837438555,3000
frame,hist_gb,si_ti,300,5.588087057927674,4.5584167548160615,0.17805432505734142,-0.2751362815041161,3000
frame,hist_gb,si_ti,600,5.75151880196744,4.642560410609903,0.09321580107301197,-0.4391128088860863,3000
frame,hist_gb,qp_only,all,2.2706512562600816,1.5939238251898455,0.8778977640342391,0.10290850923518004,9000
frame,hist_gb,qp_only,150,2.7655472536796486,1.9795467128595088,0.7976993403010889,0.07683210767732518,3000
frame,hist_gb,qp_only,300,2.2103756370746925,1.5591328624325425,0.8713976342546121,0.14125529975238474,3000
frame,hist_gb,qp_only,600,1.712763647838796,1.2430919002774845,0.9195856178156513,0.09063812027583008,3000
frame,hist_gb,si_ti_qp,all,2.226072635726382,1.7127209010309372,0.882645052146585,-0.03490160161530535,9000
frame,hist_gb,si_ti_qp,150,2.5217317654990046,1.9908019193872952,0.8317973203201358,-0.15018798912877127,3000
frame,hist_gb,si_ti_qp,300,2.11822575331487,1.6446971611760395,0.8818969059412405,0.03136657187302434,3000
frame,hist_gb,si_ti_qp,600,2.005040323648462,1.502663622529477,0.8897991159645394,0.014116612409830873,3000
frame,hist_gb,si_ti_qp_cu,all,2.2184085154789446,1.715751606858928,0.8834517411215282,-0.011631106149773706,9000
frame,hist_gb,si_ti_qp_cu,150,2.5160850121064886,1.9960926083599746,0.8325497680251766,-0.14010099513603247,3000
frame,hist_gb,si_ti_qp_cu,300,2.109578837734206,1.6436223412259199,0.8828591670039074,0.06186210092333089,3000
frame,hist_gb,si_ti_qp_cu,600,1.9957460669848688,1.50753987099089,0.890818408589114,0.04334557576338031,3000
frame,hist_gb,all_easy,all,2.343522178331277,1.8660268388442818,0.8699348702632945,-0.04553822634521645,9000
frame,hist_gb,all_easy,150,2.692707125567194,2.1542739163668383,0.8082155588947957,-0.18423006348529633,3000
frame,hist_gb,all_easy,300,2.2168834336132415,1.7997510867410131,0.8706392563162676,0.012341882367594707,3000
frame,hist_gb,all_easy,600,2.076305560047111,1.6440555134249937,0.8818261485737663,0.03527350208205228,3000
sequence,ridge,rate_type,all,6.316515877629364,5.227684042815841,0.02341039333483874,-2.3092638912203257e-15,60
sequence,ridge,rate_type,150,6.34819455336165,5.296474700165827,-0.10879629575665839,-0.02145961803445804,20
sequence,ridge,rate_type,300,6.359016608287434,5.278945952461706,-0.10657839713637673,0.05236223278338379,20
sequence,ridge,rate_type,600,6.241670624538399,5.107631475819989,-0.1087925231742004,-0.030902614748932678,20
sequence,ridge,si_ti,all,3.6841018427059846,2.8967491504125906,0.667784288120747,-0.08838540454376596,60
sequence,ridge,si_ti,150,3.3299193953500206,2.785697658651112,0.694916477458984,-0.013060966149677177,20
sequence,ridge,si_ti,300,3.660791083664339,2.872686295379891,0.6332651693580862,-0.0360231717603801,20
sequence,ridge,si_ti,600,4.028407206890128,3.0318634972067677,0.5381347124441432,-0.2160720757212406,20
sequence,ridge,qp_only,all,1.1775028781605432,0.820719585591351,0.9660624201790118,0.009032689110582777,60
sequence,ridge,qp_only,150,1.4309793748476982,1.0142703821044055,0.9436598422701997,-0.0006633209052669287,20
sequence,ridge,qp_only,300,1.0857424641525453,0.7629542713480035,0.9677406274162732,0.01028244877738409,20
sequence,ridge,qp_only,600,0.9659194658591054,0.6849341033216438,0.9734459706246578,0.017478939459631172,20
sequence,ridge,si_ti_qp,all,1.1603598112817401,0.812062771042091,0.9670434098465575,0.005997243448074189,60
sequence,ridge,si_ti_qp,150,1.426167270840785,0.9930648628416516,0.9440381270318708,-0.009625162953540212,20
sequence,ridge,si_ti_qp,300,1.0724167021107722,0.751962506746367,0.9685276329643986,0.01693806453036526,20
sequence,ridge,si_ti_qp,600,0.9248102548792317,0.6911609435382544,0.9756581339447078,0.010678828767397518,20
sequence,ridge,si_ti_qp_cu,all,0.9754842285059914,0.6853764394562637,0.9767085021698713,-0.03755597128817486,60
sequence,ridge,si_ti_qp_cu,150,1.1820167566983217,0.7944335125446795,0.9615586548028651,-0.04327103175334059,20
sequence,ridge,si_ti_qp_cu,300,0.889119634995038,0.5915005938427427,0.9783667050586654,-0.003446748009336886,20
sequence,ridge,si_ti_qp_cu,600,0.8167074762376418,0.6701952119813688,0.9810162652517623,-0.0659501341018471,20
sequence,ridge,all_easy,all,0.9947133763103149,0.7767540274072853,0.9757811883373432,-0.09521054086363243,60
sequence,ridge,all_easy,150,1.1918722568342037,0.8381813223571213,0.960914944605741,-0.13743031329576477,20
sequence,ridge,all_easy,300,0.8923593316131284,0.725359111285943,0.978208766812625,-0.008685746108264957,20
sequence,ridge,all_easy,600,0.8668906792115778,0.7667216485787914,0.9786116510214637,-0.13951556318686756,20
sequence,hist_gb,rate_type,all,6.3164754093397155,5.22671496848461,0.023422906810696253,-2.8029851032821775e-10,60
sequence,hist_gb,rate_type,150,6.345997591731514,5.288764171805348,-0.108028971636835,0.006515458282133757,20
sequence,hist_gb,rate_type,300,6.363184681015285,5.28817649605598,-0.10802950541564726,0.0001277863262814094,20
sequence,hist_gb,rate_type,600,6.239533642141071,5.103204237592502,-0.10803341087078788,-0.006643245449310697,20
sequence,hist_gb,si_ti,all,5.466483490728557,4.469394327230887,0.26856961907292376,-0.408193407788262,60
sequence,hist_gb,si_ti,150,4.813710061329458,3.9708832245406405,0.3624545261843467,-0.16020335140314312,20
sequence,hist_gb,si_ti,300,5.5846395241690345,4.53450995439912,0.1465215490452635,-0.3598539158565984,20
sequence,hist_gb,si_ti,600,5.940313299293918,4.902789802752902,-0.004308865105478565,-0.7045229561050448,20
sequence,hist_gb,qp_only,all,2.652181090778107,1.924520277448514,0.8278277074214806,0.024929292865457125,60
sequence,hist_gb,qp_only,150,3.1119056646791963,2.28062147740638,0.733557097207356,-0.5658334422136357,20
sequence,hist_gb,qp_only,300,2.408453018008533,1.6891706720138029,0.8412628323778131,0.16263232065655372,20
sequence,hist_gb,qp_only,600,2.37014573582005,1.8037686829253587,0.840118322522519,0.4779890001534534,20
sequence,hist_gb,si_ti_qp,all,2.712091053894773,2.0230777677933967,0.8199614751014586,0.1813701307262929,60
sequence,hist_gb,si_ti_qp,150,2.977581983773952,2.107573365714578,0.7560623890134074,-0.18723157719015635,20
sequence,hist_gb,si_ti_qp,300,2.4954083031264775,1.8977401676679655,0.829593757341325,0.39785417984204197,20
sequence,hist_gb,si_ti_qp,600,2.6406924441215027,2.0639197699976477,0.8015348575389506,0.33348778952699315,20
sequence,hist_gb,si_ti_qp_cu,all,2.838355336291533,2.096697388987571,0.8028074776647007,0.15817359524301117,60
sequence,hist_gb,si_ti_qp_cu,150,3.0884047184941252,2.1392384462298253,0.7375662267434849,-0.17141710126825024,20
sequence,hist_gb,si_ti_qp_cu,300,2.608170827291862,1.941879846752266,0.8138451588522232,0.40415265439386,20
sequence,hist_gb,si_ti_qp_cu,600,2.7978535121787136,2.20897387398062,0.7772085401376896,0.24178523260342377,20
sequence,hist_gb,all_easy,all,2.5577273292477125,1.8273567701142357,0.8398726923519555,0.06559272761699149,60
sequence,hist_gb,all_easy,150,2.8152897057833166,1.9480317887062235,0.7819292110676815,-0.1585235756380401,20
sequence,hist_gb,all_easy,300,2.348640882666858,1.6612470589533657,0.8490491712426728,0.2759477118263881,20
sequence,hist_gb,all_easy,600,2.486752329669813,1.8727914626831184,0.8239995972601346,0.07935404666262649,20
