level,algorithm,before,after,before_rmse_db,after_rmse_db,rmse_reduction_db,rmse_reduction_pct,paired_video_bootstrap_low_db,paired_video_bootstrap_high_db,videos_improved_of_20
frame,ridge,si_ti,si_ti_qp,4.040623407147794,1.6718901320028143,2.3687332751449794,58.6229657273858,1.3898624172112168,3.2079020650968952,19
frame,ridge,si_ti,si_ti_qp_cu,4.040623407147794,1.6141543409899572,2.4264690661578365,60.051848976211296,1.4420995457778736,3.279044577855726,19
frame,ridge,si_ti_qp,si_ti_qp_cu,1.6718901320028143,1.6141543409899572,0.057735791012857085,3.453324468378398,-0.014149555659469359,0.11682940923543175,11
frame,ridge,si_ti_qp_cu,all_easy,1.6141543409899572,1.7313230287311845,-0.11716868774122724,-7.25882802937964,-0.34591851810250956,0.0544277307089148,10
frame,hist_gb,si_ti,si_ti_qp,5.481002192407081,2.226072635726382,3.2549295566806986,59.38566419823375,2.399163808734003,4.041134071183218,20
frame,hist_gb,si_ti,si_ti_qp_cu,5.481002192407081,2.2184085154789446,3.262593676928136,59.52549483464646,2.404586984767459,4.051540444270129,20
frame,hist_gb,si_ti_qp,si_ti_qp_cu,2.226072635726382,2.2184085154789446,0.007664120247437456,0.3442888666090899,-0.027326529797921006,0.04501022056814979,12
frame,hist_gb,si_ti_qp_cu,all_easy,2.2184085154789446,2.343522178331277,-0.12511366285233239,-5.639793661958645,-0.38861835899355424,0.13255398130944274,10
sequence,ridge,si_ti,si_ti_qp,3.6841018427059846,1.1603598112817401,2.5237420314242445,68.50359026911558,1.5379740460997777,3.4076375204220253,17
sequence,ridge,si_ti,si_ti_qp_cu,3.6841018427059846,0.9754842285059913,2.7086176141999934,73.52178983766922,1.79057740282719,3.528002588493564,17
sequence,ridge,si_ti_qp,si_ti_qp_cu,1.1603598112817401,0.9754842285059913,0.1848755827757489,15.932608228781577,-0.08074209653633378,0.41843865914791895,12
sequence,ridge,si_ti_qp_cu,all_easy,0.9754842285059913,0.9947133763103149,-0.01922914780432361,-1.9712412812428681,-0.20886168753651724,0.1301208257667603,8
sequence,hist_gb,si_ti,si_ti_qp,5.466483490728557,2.712091053894773,2.7543924368337835,50.38691585743153,1.7659444635212143,3.7459531566703324,18
sequence,hist_gb,si_ti,si_ti_qp_cu,5.466483490728557,2.838355336291533,2.628128154437024,48.07712597860155,1.5629972948754318,3.705387923544896,17
sequence,hist_gb,si_ti_qp,si_ti_qp_cu,2.712091053894773,2.838355336291533,-0.1262642823967597,-4.6556063158511725,-0.25990348689901127,0.0111956306382428,5
sequence,hist_gb,si_ti_qp_cu,all_easy,2.838355336291533,2.5577273292477125,0.2806280070438203,9.886993480191814,0.14109482808053406,0.46438056330801275,13
