level,algorithm,feature_set,sequence,rmse_db,mae_db,r2,bias_db,n
frame,ridge,rate_type,akiyo,10.926044353773523,10.85614976673933,-19.083284109231233,-10.85614976673933,450
frame,ridge,rate_type,bridge_close,1.250735746205687,1.0314778116497125,0.5312884688585855,0.36445835369316615,450
frame,ridge,rate_type,bridge_far,4.3230878060856845,4.0021528881258295,-22.25561555273259,-4.0021528881258295,450
frame,ridge,rate_type,bus,6.0783012956609666,6.0053373210815915,-4.104796589130169,6.0053373210815915,450
frame,ridge,rate_type,coastguard,4.2000330690670875,4.092672036639029,-3.1838579118805415,4.092672036639029,450
frame,ridge,rate_type,container,4.508229826724736,4.281667771473011,-1.6292209408560887,-4.281667771473011,450
frame,ridge,rate_type,flower,8.173712608609417,8.055866882828363,-5.986068131801522,8.055866882828363,450
frame,ridge,rate_type,football,5.195198399630864,4.795468949995159,-1.3325225538563767,4.635206975799645,450
frame,ridge,rate_type,foreman,1.9517757928364712,1.7304313009334233,0.3959398253470112,-1.728266834401625,450
frame,ridge,rate_type,hall_monitor,4.02784115512394,3.882634400546523,-6.021799558954453,-3.882634400546523,450
frame,ridge,rate_type,highway,4.423491793689414,4.22118760889682,-15.061010797884993,-4.22118760889682,450
frame,ridge,rate_type,husky,15.664888154079772,15.64485877453292,-78.44762614247628,15.64485877453292,450
frame,ridge,rate_type,ice,4.566155182500664,4.376656956823973,-0.9017791289883055,-4.376656956823973,450
frame,ridge,rate_type,mobile,7.895774304962826,7.781018983392728,-6.234503012456839,7.781018983392728,450
frame,ridge,rate_type,mother_daughter,8.01448361090035,7.981356045524644,-12.195561235351184,-7.981356045524644,450
frame,ridge,rate_type,news,6.134903750544967,5.947975326197687,-2.534677463314793,-5.947975326197687,450
frame,ridge,rate_type,silent,3.3559698658598847,2.985261249860911,-0.0932431799507798,-2.9731704617152475,450
frame,ridge,rate_type,soccer,2.1052516670290826,1.8938897079182044,0.6038342813972597,0.44021587674307283,450
frame,ridge,rate_type,tempete,4.835573738821793,4.674066041258397,-2.2741575625981794,4.674066041258397,450
frame,ridge,rate_type,waterfall,2.2540004067374877,1.864541738705745,0.49063231030519594,-1.4424831855242752,450
frame,ridge,si_ti,akiyo,5.556098548890975,5.277754200319026,-4.193363175836737,-5.277754200319026,450
frame,ridge,si_ti,bridge_close,6.709345698654575,6.604721463391947,-12.487605430953387,6.604721463391947,450
frame,ridge,si_ti,bridge_far,4.773308034748203,4.488164815639749,-27.351670257329218,4.469048505227594,450
frame,ridge,si_ti,bus,2.698765484548212,2.6286671197160865,-0.006338963578467638,-2.584500663691135,450
frame,ridge,si_ti,coastguard,1.9471785315025885,1.6020925305329528,0.10074460378970307,0.5308240687476541,450
frame,ridge,si_ti,container,1.6174069199602163,1.378847854796032,0.6615819019218885,-0.7496461046604128,450
frame,ridge,si_ti,flower,3.299162251065912,2.9397659036765598,-0.13815507272334138,2.9205971271469107,450
frame,ridge,si_ti,football,1.596908392368935,1.3232881391658586,0.7796152276421127,1.057881789633846,450
frame,ridge,si_ti,foreman,1.4193808393906597,1.1224877576318164,0.6805387211863222,0.19528343824855962,450
frame,ridge,si_ti,hall_monitor,3.2388689843846463,2.9400016260668003,-3.540362409464935,-2.8260850533509716,450
frame,ridge,si_ti,highway,1.5852443924552249,1.3201595289068666,-1.062694323749013,-0.3743972252957195,450
frame,ridge,si_ti,husky,6.993593431103266,6.860478662289565,-14.83532900061326,6.860478662289565,450
frame,ridge,si_ti,ice,6.95688312745983,6.829941973446586,-3.414567459772038,-6.829941973446586,450
frame,ridge,si_ti,mobile,2.179324297596538,1.864481076464123,0.44885868015762687,1.4617793221044333,450
frame,ridge,si_ti,mother_daughter,2.6718591183957825,2.3643708732872506,-0.4665736781085652,-2.2335855397538706,450
frame,ridge,si_ti,news,6.709212442351368,6.364714242090487,-3.2274392101155787,-6.364714242090487,450
frame,ridge,si_ti,silent,2.071293306678233,1.6255950751452284,0.5835490326545548,-0.0805288738879692,450
frame,ridge,si_ti,soccer,3.1800641222201094,2.5247070102305447,0.09605791496719107,-1.2424922386560522,450
frame,ridge,si_ti,tempete,1.948191540512829,1.6852019962053446,0.4685445550430145,1.3078891864605668,450
frame,ridge,si_ti,waterfall,3.6483530960666326,3.1225777159719423,-0.3344955825670364,3.0753201870518527,450
frame,ridge,qp_only,akiyo,0.8603764743384477,0.6740404936332617,0.8754665937149306,0.15758337899024752,450
frame,ridge,qp_only,bridge_close,0.90202851227756,0.7547262238005511,0.7562104731758582,0.7340413811838463,450
frame,ridge,qp_only,bridge_far,0.8732483881398564,0.7033714715880817,0.05111121965183896,0.5946112060428534,450
frame,ridge,qp_only,bus,0.43217407511989714,0.33733930624598096,0.9741933628077772,0.03506949019839952,450
frame,ridge,qp_only,coastguard,0.6265763405314209,0.45751134384215636,0.9068850335318441,0.11046346443422345,450
frame,ridge,qp_only,container,1.2802251799348168,1.08656284145276,0.787974685417435,1.0060582380411647,450
frame,ridge,qp_only,flower,1.2811581816689948,1.0371703103648873,0.8283674724099769,0.9137598614082241,450
frame,ridge,qp_only,football,4.559849297906122,3.841553238403753,-0.7968944027503848,-3.841553238403753,450
frame,ridge,qp_only,foreman,0.7056497769276674,0.554551788084063,0.9210415223395046,-0.194183277469916,450
frame,ridge,qp_only,hall_monitor,0.8358720542978006,0.6710663810484865,0.6975988980330565,-0.5514949553663899,450
frame,ridge,qp_only,highway,1.184239375180067,1.0610696687833456,-0.15112216454322458,-1.0499355411895916,450
frame,ridge,qp_only,husky,2.992593536362788,2.901240628949534,-1.8994912038423792,2.901240628949534,450
frame,ridge,qp_only,ice,2.9530166767422097,2.877625268496358,0.2045909243750038,-2.877625268496358,450
frame,ridge,qp_only,mobile,1.937518411418247,1.7603607901704064,0.5643768748025852,1.7593575994669943,450
frame,ridge,qp_only,mother_daughter,0.8532098043597454,0.676897341452727,0.8504492997673094,-0.2941121557769814,450
frame,ridge,qp_only,news,1.0691703750963542,0.8486277594969445,0.8926435561535915,-0.7024314865961914,450
frame,ridge,qp_only,silent,1.042037428920245,0.8493154098511589,0.8945983744044422,0.7930833345853001,450
frame,ridge,qp_only,soccer,2.2042455603543307,1.732113691269589,0.5657010277009711,-1.5544897628958856,450
frame,ridge,qp_only,tempete,1.091986317315566,0.9307413158653036,0.8330301919837253,0.9216560158347779,450
frame,ridge,qp_only,waterfall,1.726727447511818,1.536702741129156,0.7010689703469463,1.529575925188004,450
frame,ridge,si_ti_qp,akiyo,0.933151808428009,0.7143969751500873,0.853508165445815,0.15406045202790777,450
frame,ridge,si_ti_qp,bridge_close,0.9258719466933975,0.7818609225157404,0.7431518957912742,0.7664722823462149,450
frame,ridge,si_ti_qp,bridge_far,1.458599715488563,1.314246221436228,-1.6473537371647673,1.3040128762210048,450
frame,ridge,si_ti_qp,bus,0.5066607690003616,0.42703331298498654,0.9645310322321187,-0.2700350162389464,450
frame,ridge,si_ti_qp,coastguard,0.5097937832188472,0.4114123760536296,0.9383602913209288,-0.05464844323658444,450
frame,ridge,si_ti_qp,container,0.9314771219065789,0.7466009960048569,0.8877569726069166,-0.48332357625092154,450
frame,ridge,si_ti_qp,flower,1.1617840338903185,0.9193194128359219,0.8588616951407777,0.7196228689538874,450
frame,ridge,si_ti_qp,football,4.105981518036102,3.338608094912902,-0.45698659855988977,-3.338608094912902,450
frame,ridge,si_ti_qp,foreman,0.7525201168463259,0.5928730050891651,0.9102040854920436,0.2612161484935713,450
frame,ridge,si_ti_qp,hall_monitor,1.4984901443267125,1.3435400683950656,0.028122473245563717,-1.3408749593319307,450
frame,ridge,si_ti_qp,highway,0.565939618365383,0.45331108996845493,0.7371048237840525,0.06019362905886311,450
frame,ridge,si_ti_qp,husky,2.617160101779423,2.4795441482515455,-1.217618879410073,2.479448048426017,450
frame,ridge,si_ti_qp,ice,2.6098391509405494,2.5483903136371904,0.3787216405000349,-2.5483903136371904,450
frame,ridge,si_ti_qp,mobile,1.285094840375718,1.046105501709176,0.8083584786071655,0.963732893726198,450
frame,ridge,si_ti_qp,mother_daughter,0.90657441471269,0.7290499723280378,0.8311567540658893,0.09275704744114793,450
frame,ridge,si_ti_qp,news,2.528092005459751,2.412693402709468,0.3997667709923979,-2.412693402709468,450
frame,ridge,si_ti_qp,silent,1.2670054220486202,1.1126337124050134,0.8441748267181541,1.0472683240402423,450
frame,ridge,si_ti_qp,soccer,1.1897007191008855,1.0052682959769417,0.8734843356480207,0.3614615299708589,450
frame,ridge,si_ti_qp,tempete,0.7654565029997608,0.5932369164647664,0.9179564226866924,0.4472739923834873,450
frame,ridge,si_ti_qp,waterfall,1.7865311529137662,1.6078899259077863,0.6800039625298362,1.603379943444527,450
frame,ridge,si_ti_qp_cu,akiyo,0.8265759298336752,0.6422556114015541,0.8850591717265981,0.059738197166244934,450
frame,ridge,si_ti_qp_cu,bridge_close,0.9044254500692142,0.7768076165945774,0.7549131201339379,0.7590061406363879,450
frame,ridge,si_ti_qp_cu,bridge_far,1.2238291895658575,1.0567757384803242,-0.8637228973516355,1.0420409370925376,450
frame,ridge,si_ti_qp_cu,bus,0.6645916599702051,0.5775812086628361,0.9389727545821057,-0.5240001283073177,450
frame,ridge,si_ti_qp_cu,coastguard,0.5366173601744028,0.40587660206843906,0.9317031074197344,-0.02257249463909911,450
frame,ridge,si_ti_qp_cu,container,0.7791237386525346,0.6295703707429403,0.9214713990439947,-0.18225948287120528,450
frame,ridge,si_ti_qp_cu,flower,1.0721829375635858,0.8418975695331034,0.8797924148022774,0.4600134848578917,450
frame,ridge,si_ti_qp_cu,football,3.8863101456631286,3.0461109985898744,-0.3052583780868918,-3.0250772985387635,450
frame,ridge,si_ti_qp_cu,foreman,0.8671968475601046,0.6674176537251935,0.8807507297141044,0.2776670616390247,450
frame,ridge,si_ti_qp_cu,hall_monitor,1.664237487512133,1.5373996443359843,-0.19876584007598663,-1.5373996443359843,450
frame,ridge,si_ti_qp_cu,highway,0.6229404738337014,0.5017046731366571,0.6814808706199194,-0.1670476553645813,450
frame,ridge,si_ti_qp_cu,husky,2.4382514998026585,2.2946447484396657,-0.9247898882748413,2.294509112252531,450
frame,ridge,si_ti_qp_cu,ice,2.5871866520166305,2.504093572628313,0.3894597971276845,-2.504093572628313,450
frame,ridge,si_ti_qp_cu,mobile,1.2107833435974378,0.9740998259309915,0.8298812723626421,0.8470057383934884,450
frame,ridge,si_ti_qp_cu,mother_daughter,0.8593281245786946,0.7016628536116761,0.8482967699390789,0.040565225054447054,450
frame,ridge,si_ti_qp_cu,news,2.2230362523058287,2.0791101865746042,0.5358831094993366,-2.075902621175681,450
frame,ridge,si_ti_qp_cu,silent,1.3702836381496846,1.2001431290711122,0.8177356983886883,1.1615293827331523,450
frame,ridge,si_ti_qp_cu,soccer,1.3844056840936838,1.148179822025442,0.8286849175121002,0.5845308913544585,450
frame,ridge,si_ti_qp_cu,tempete,0.7815407123566404,0.6074120976418281,0.9144723050992508,0.3796399900509022,450
frame,ridge,si_ti_qp_cu,waterfall,1.849726062224156,1.6942747885886673,0.6569651493012474,1.6932376468378683,450
frame,ridge,all_easy,akiyo,0.8537942072998289,0.6615880348672704,0.8773647780016358,-0.057333252698761675,450
frame,ridge,all_easy,bridge_close,0.519424140229304,0.4013497967562302,0.9191614020072884,0.14181605742701206,450
frame,ridge,all_easy,bridge_far,1.0782953782186313,0.9164791510074713,-0.4468223657557926,0.8581153626867979,450
frame,ridge,all_easy,bus,0.7068557524627948,0.6146716594361565,0.9309640052409324,-0.5468107062978431,450
frame,ridge,all_easy,coastguard,0.5246997603902952,0.41027312595605847,0.9347029984145132,-0.03383494196278711,450
frame,ridge,all_easy,container,0.8701970042769269,0.7061840927652828,0.9020396891957878,-0.010081024566165126,450
frame,ridge,all_easy,flower,1.1503331593471422,0.9172199730018527,0.8616301827824765,0.5772100128503286,450
frame,ridge,all_easy,football,3.805029082826082,2.9566459833573715,-0.25123112128877056,-2.9478093240104726,450
frame,ridge,all_easy,foreman,0.7864768186430854,0.6250278545457278,0.9019173475492881,0.1383289506088555,450
frame,ridge,all_easy,hall_monitor,1.3959144474583698,1.2589727759191611,0.1566237588448378,-1.2569394583305102,450
frame,ridge,all_easy,highway,1.8938285058287678,1.8140647392469866,-1.9439045224552935,-1.810077660317884,450
frame,ridge,all_easy,husky,2.371003422669164,2.2192054894253017,-0.8200808917922957,2.218277904960697,450
frame,ridge,all_easy,ice,2.5257700522203423,2.463977785822719,0.4181026733978659,-2.463977785822719,450
frame,ridge,all_easy,mobile,0.9944003198136866,0.7861399161970762,0.8852528888201259,0.3790056330420509,450
frame,ridge,all_easy,mother_daughter,0.8986500068072634,0.7399565361752951,0.8340955863280886,0.44373570021751324,450
frame,ridge,all_easy,news,2.5825290414212336,2.4690182158716945,0.3736389956433517,-2.4690182158716945,450
frame,ridge,all_easy,silent,1.3162080538558731,1.155632973926479,0.8318372660085476,1.0822199827391672,450
frame,ridge,all_easy,soccer,1.4018265757643313,1.1634556606868665,0.8243462482133946,0.6884585650908205,450
frame,ridge,all_easy,tempete,0.9064633143790384,0.7548342058692717,0.8849453914203022,0.6072282577539925,450
frame,ridge,all_easy,waterfall,3.0519589007203396,2.9572719362781323,0.06614214773437121,2.955367016352113,450
frame,hist_gb,rate_type,akiyo,10.922996390125912,10.856350555967394,-19.07208068010249,-10.856350555967394,450
frame,hist_gb,rate_type,bridge_close,1.2278670209889087,1.0149512805240375,0.5482718204310189,0.36428339136783816,450
frame,hist_gb,rate_type,bridge_far,4.322716515522367,4.002347257052106,-22.25162108387464,-4.002347257052106,450
frame,hist_gb,rate_type,bus,6.073765729281177,6.005182446816876,-4.097181137266316,6.005182446816876,450
frame,hist_gb,rate_type,coastguard,4.192896075744016,4.092487147491622,-3.1696509781550652,4.092487147491622,450
frame,hist_gb,rate_type,container,4.497357127805617,4.281881593483837,-1.6165542149631356,-4.281881593483837,450
frame,hist_gb,rate_type,flower,8.166865344959902,8.055638821633753,-5.974368328698571,8.055638821633753,450
frame,hist_gb,rate_type,football,5.199177322586536,4.781118181670871,-1.3360968087279566,4.635021559959655,450
frame,hist_gb,rate_type,foreman,1.939269600202253,1.7292361059759784,0.4036561725438774,-1.7284388021794943,450
frame,hist_gb,rate_type,hall_monitor,4.024743299161189,3.8827874047146267,-6.011002629410537,-3.8827874047146267,450
frame,hist_gb,rate_type,highway,4.4240857997098555,4.221351523567773,-15.065324574472633,-4.221351523567773,450
frame,hist_gb,rate_type,husky,15.664517783559486,15.644689303607114,-78.4438693699431,15.644689303607114,450
frame,hist_gb,rate_type,ice,4.566138809414986,4.376757090268657,-0.9017654904081225,-4.376757090268657,450
frame,hist_gb,rate_type,mobile,7.8875713314468525,7.780821514376695,-6.219478872289575,7.780821514376695,450
frame,hist_gb,rate_type,mother_daughter,8.012894813140573,7.981533368277078,-12.190329956311786,-7.981533368277078,450
frame,hist_gb,rate_type,news,6.127452381990295,5.94817096298742,-2.5260963378153476,-5.94817096298742,450
frame,hist_gb,rate_type,silent,3.3380187680557354,2.983998181618223,-0.08157893435282992,-2.9733655658634657,450
frame,hist_gb,rate_type,soccer,2.0844669444037063,1.8669735311479378,0.6116181938262211,0.4400607379519569,450
frame,hist_gb,rate_type,tempete,4.827482888056836,4.6738791555959525,-2.2632101302567365,4.6738791555959525,450
frame,hist_gb,rate_type,waterfall,2.2266354193915268,1.8528834008184478,0.5029253224823766,-1.4426384460618753,450
frame,hist_gb,si_ti,akiyo,10.222186180530677,10.145804004583894,-16.579089895646387,-10.145804004583894,450
frame,hist_gb,si_ti,bridge_close,8.15030586829385,8.06382889857968,-18.903173484330022,8.054138931973705,450
frame,hist_gb,si_ti,bridge_far,3.54890191239942,3.245179497299245,-14.672118920177889,3.2003990977124843,450
frame,hist_gb,si_ti,bus,7.102800212388962,6.96883369221073,-5.97064862966254,-6.884651123118047,450
frame,hist_gb,si_ti,coastguard,3.5858827732520857,3.0035123535237624,-2.0497460891309855,0.8407763067928176,450
frame,hist_gb,si_ti,container,1.5508802976809675,1.2547761340193082,0.68884875422106,0.234339308003368,450
frame,hist_gb,si_ti,flower,3.5603704205213296,3.3091300324283424,-0.3255144240401586,3.303828733598835,450
frame,hist_gb,si_ti,football,5.352523492983407,4.694572130325372,-1.4759321607339686,4.665216278628435,450
frame,hist_gb,si_ti,foreman,1.9998977505043565,1.61763168799867,0.3657858416732397,0.5260558831501678,450
frame,hist_gb,si_ti,hall_monitor,2.0443038785832677,1.6939995225858042,-0.8088171340669497,-1.3126253582059324,450
frame,hist_gb,si_ti,highway,1.7091104298604984,1.4891400076006018,-1.3976327998928713,0.9186522273629408,450
frame,hist_gb,si_ti,husky,8.47603071394005,8.415847740353538,-22.260088989367386,8.415847740353538,450
frame,hist_gb,si_ti,ice,8.259786507059253,8.157932037702126,-5.2229510824287715,-8.157932037702126,450
frame,hist_gb,si_ti,mobile,4.958270430688867,4.18583434277157,-1.8528548137257568,-3.4224657358645865,450
frame,hist_gb,si_ti,mother_daughter,3.6651430269019802,3.312027525038878,-1.7596793901591599,-3.1948447166816525,450
frame,hist_gb,si_ti,news,8.538491316894698,8.332114392955651,-5.846940691688878,-8.332114392955651,450
frame,hist_gb,si_ti,silent,2.0668466334512123,1.4702450448739384,0.5853351955379706,0.2437919360623469,450
frame,hist_gb,si_ti,soccer,4.303641467460519,3.6726577503770366,-0.6555451112429593,-0.4556642940944801,450
frame,hist_gb,si_ti,tempete,3.044808171445392,2.563984939852439,-0.29814566512222385,2.0926441343094706,450
frame,hist_gb,si_ti,waterfall,4.014788459594278,3.1291900859932733,-0.6160275015299506,3.023771960161012,450
frame,hist_gb,qp_only,akiyo,2.105324491867931,1.9638292936660435,0.2543296077373217,-1.9638292936660435,450
frame,hist_gb,qp_only,bridge_close,1.322844688702452,1.206559880192025,0.4756850639826483,1.2048869895385501,450
frame,hist_gb,qp_only,bridge_far,0.8464172798610997,0.7212385297817623,0.10852582170810243,0.6923228868546493,450
frame,hist_gb,qp_only,bus,0.6692662172154602,0.5052373512395588,0.9381112372199559,-0.1492660926769905,450
frame,hist_gb,qp_only,coastguard,0.8222876257151774,0.5920311769339848,0.839631518523739,0.16501896862351711,450
frame,hist_gb,qp_only,container,1.0639858086018301,0.9363732221402671,0.8535509167430579,0.8991830803091053,450
frame,hist_gb,qp_only,flower,1.7405343504409228,1.5191751885693228,0.683218882160344,1.1202523063295826,450
frame,hist_gb,qp_only,football,4.945638237281576,4.18836997907389,-1.1138115556206345,-4.18836997907389,450
frame,hist_gb,qp_only,foreman,0.6756268965589428,0.5606011335562006,0.9276173948186771,0.19470161705708436,450
frame,hist_gb,qp_only,hall_monitor,0.6319032119531425,0.47386074864188255,0.8271756692564938,-0.34171550290985553,450
frame,hist_gb,qp_only,highway,0.9813282575039005,0.8512684533426427,0.2095561379153975,-0.8254283335733701,450
frame,hist_gb,qp_only,husky,6.063368997333993,5.808411278619517,-10.902942237214834,5.808411278619517,450
frame,hist_gb,qp_only,ice,2.948518403157977,2.8672535116885722,0.20701234145470704,-2.8672535116885722,450
frame,hist_gb,qp_only,mobile,2.1932723728706742,2.081670927510993,0.44178129302125724,2.081670927510993,450
frame,hist_gb,qp_only,mother_daughter,1.1530293556025808,0.9786009610641171,0.7268774837507623,-0.9046782457635474,450
frame,hist_gb,qp_only,news,1.066668555582827,0.915167804148602,0.8931453886232218,-0.900105459855404,450
frame,hist_gb,qp_only,silent,1.0799731062614573,0.941271621808678,0.8867843268449062,0.9303077926084019,450
frame,hist_gb,qp_only,soccer,2.3506718361097767,1.8918060021188725,0.506084267081176,-1.6767498510079273,450
frame,hist_gb,qp_only,tempete,1.3306843839949078,1.1347641178420471,0.7520559589542983,1.0379857487602453,450
frame,hist_gb,qp_only,waterfall,1.859050194521369,1.740985321857926,0.6534980803877455,1.7408248587075552,450
frame,hist_gb,si_ti_qp,akiyo,3.8956912139801463,3.813000491035,-1.5531590223127352,-3.813000491035,450
frame,hist_gb,si_ti_qp,bridge_close,1.9130586505170044,1.776218453604878,-0.09655667596757045,1.7750308754568354,450
frame,hist_gb,si_ti_qp,bridge_far,2.119287105981466,2.0592472603984797,-4.5888096461262515,2.0592472603984797,450
frame,hist_gb,si_ti_qp,bus,1.4054089281273612,1.2615823749352992,0.7270900247541479,-1.2023969002384471,450
frame,hist_gb,si_ti_qp,coastguard,1.4597449132756708,1.1571333151898135,0.49461139174481505,0.46853233537190747,450
frame,hist_gb,si_ti_qp,container,1.0422696744604922,0.9158410709263449,0.8594680118664391,0.847027505751766,450
frame,hist_gb,si_ti_qp,flower,1.6351114341348596,1.3748686976191322,0.7204311367938625,1.357766776209664,450
frame,hist_gb,si_ti_qp,football,3.066022049597213,2.163614097220377,0.18759586660450844,-1.6065402564419704,450
frame,hist_gb,si_ti_qp,foreman,0.799154221137011,0.6261928829001051,0.8987298286603695,-0.2506096102489949,450
frame,hist_gb,si_ti_qp,hall_monitor,0.8273538916179558,0.6301926873493313,0.7037308809917132,-0.5605453731338093,450
frame,hist_gb,si_ti_qp,highway,0.588297943477134,0.46522827469415673,0.715922339521653,-0.2846041081348103,450
frame,hist_gb,si_ti_qp,husky,4.246825441704541,4.067784482340557,-4.8392241835507015,4.067784482340557,450
frame,hist_gb,si_ti_qp,ice,3.8192882065088787,3.790604336865141,-0.33052673789312337,-3.790604336865141,450
frame,hist_gb,si_ti_qp,mobile,1.2726878257216014,1.068657617491299,0.8120410416057684,0.16933285087046795,450
frame,hist_gb,si_ti_qp,mother_daughter,1.0681075679778014,0.8511273275664765,0.7656274416964604,-0.7202107283450018,450
frame,hist_gb,si_ti_qp,news,3.426802405242092,3.3704123533259804,-0.10283974692185738,-3.3704123533259804,450
frame,hist_gb,si_ti_qp,silent,0.7025426372328333,0.5594295389350608,0.952090013884376,0.32134998950806826,450
frame,hist_gb,si_ti_qp,soccer,2.452386823644647,2.0874008925470453,0.46241542331538465,1.8678409180185673,450
frame,hist_gb,si_ti_qp,tempete,0.9179342322440376,0.7785348502949531,0.882015029890931,0.5340171390742171,450
frame,hist_gb,si_ti_qp,waterfall,1.5389254953112745,1.4373470153793129,0.7625574201011431,1.432961992462519,450
frame,hist_gb,si_ti_qp_cu,akiyo,3.882573346949951,3.7987943445729444,-1.5359935898785864,-3.7987943445729444,450
frame,hist_gb,si_ti_qp_cu,bridge_close,1.9484232801866959,1.814531671974955,-0.13747309665315743,1.8129133720260897,450
frame,hist_gb,si_ti_qp_cu,bridge_far,1.8497313879414687,1.800147774001575,-3.257523545884424,1.800147774001575,450
frame,hist_gb,si_ti_qp_cu,bus,1.274848317118789,1.1436332577920247,0.7754407114258881,-1.0691542905080484,450
frame,hist_gb,si_ti_qp_cu,coastguard,1.436762166127038,1.1217797841824237,0.5104001523810757,0.45963404293623106,450
frame,hist_gb,si_ti_qp_cu,container,1.1447477363824745,1.0150795987206098,0.8304746797430469,0.9786995228892263,450
frame,hist_gb,si_ti_qp_cu,flower,1.71956502756818,1.4524189914785812,0.6908058294817734,1.4431978173902629,450
frame,hist_gb,si_ti_qp_cu,football,2.9923968477812224,2.1031504505904146,0.22614435684471879,-1.533344864914969,450
frame,hist_gb,si_ti_qp_cu,foreman,0.787384371829957,0.6290632589689098,0.9016908524227755,-0.28842942427091317,450
frame,hist_gb,si_ti_qp_cu,hall_monitor,0.8967381113432337,0.7208934509327283,0.6519553091593542,-0.7029548665220687,450
frame,hist_gb,si_ti_qp_cu,highway,0.5506554435056934,0.44850728403498896,0.7511129524689069,-0.2791968954981067,450
frame,hist_gb,si_ti_qp_cu,husky,4.213644434309741,4.049216541628958,-4.748335381516678,4.049216541628958,450
frame,hist_gb,si_ti_qp_cu,ice,3.8611042522933965,3.8336015177970624,-0.3598211723343687,-3.8336015177970624,450
frame,hist_gb,si_ti_qp_cu,mobile,1.2405372860612827,1.040734788772429,0.8214175016593355,0.16718166130983073,450
frame,hist_gb,si_ti_qp_cu,mother_daughter,1.0417263274994533,0.8440143896354106,0.777062022665199,-0.6903007450166175,450
frame,hist_gb,si_ti_qp_cu,news,3.3756807563450764,3.3167962421994948,-0.07018046644269793,-3.3167962421994948,450
frame,hist_gb,si_ti_qp_cu,silent,0.696622709903701,0.570478501590433,0.9528940324695021,0.36178306970523255,450
frame,hist_gb,si_ti_qp_cu,soccer,2.5332724222013594,2.153520587346261,0.4263689610092519,1.9333783920155507,450
frame,hist_gb,si_ti_qp_cu,tempete,0.961843025252723,0.8350062937241134,0.87045759529026,0.6517508678313004,450
frame,hist_gb,si_ti_qp_cu,waterfall,1.727910856136317,1.6236634072342455,0.7006590865721906,1.6220480065704936,450
frame,hist_gb,all_easy,akiyo,3.1337846160558622,3.0177515269125115,-0.6521409744994948,-3.0177515269125115,450
frame,hist_gb,all_easy,bridge_close,1.4502493009130069,1.4133855916410312,0.36982692529668715,1.4133855916410312,450
frame,hist_gb,all_easy,bridge_far,0.4646343084953278,0.3815245364640326,0.7313651976822346,0.24482976636007847,450
frame,hist_gb,all_easy,bus,1.119717184802221,0.9972311059925144,0.8267669782819392,-0.8579789291530034,450
frame,hist_gb,all_easy,coastguard,1.4005809266091112,1.0893631941255917,0.5347483491304306,0.5467679517740824,450
frame,hist_gb,all_easy,container,1.1555331597376648,1.0159379688792043,0.827265211696656,0.9793039535218678,450
frame,hist_gb,all_easy,flower,2.001821740095015,1.7401410398875583,0.5809702166624617,1.737508737154096,450
frame,hist_gb,all_easy,football,3.3080038683150503,2.345827450743821,0.05429955316350865,-1.9910710518938444,450
frame,hist_gb,all_easy,foreman,0.5520237177195964,0.4536791137923496,0.9516790098921949,0.11614567334379194,450
frame,hist_gb,all_easy,hall_monitor,0.8775275571558643,0.752363626378638,0.6667076962966388,-0.7234978917384779,450
frame,hist_gb,all_easy,highway,1.9311573992795734,1.883212386129546,-2.0611017606874653,-1.883212386129546,450
frame,hist_gb,all_easy,husky,4.823977772071858,4.659418737353861,-6.5341961793691885,4.659418737353861,450
frame,hist_gb,all_easy,ice,3.7706277662503744,3.739733747838381,-0.2968390081284187,-3.739733747838381,450
frame,hist_gb,all_easy,mobile,1.3715236476471695,1.1637630927108895,0.7817140162968796,-0.2922545747363093,450
frame,hist_gb,all_easy,mother_daughter,2.4023556307054994,2.3759580112959195,-0.18563598669412373,-2.3759580112959195,450
frame,hist_gb,all_easy,news,3.0509459380098174,2.8437246931949463,0.1258150849039572,-2.8437246931949463,450
frame,hist_gb,all_easy,silent,0.7624579526579564,0.6052480196824745,0.9435696857374852,0.48264221025013243,450
frame,hist_gb,all_easy,soccer,2.4651921843673135,2.0730925503532296,0.45678667259805117,1.8652352810805344,450
frame,hist_gb,all_easy,tempete,2.096144804903657,2.000168638779856,0.3847577997114333,2.000168638779856,450
frame,hist_gb,all_easy,waterfall,2.80995234234823,2.7690117447292786,0.20837168168707954,2.7690117447292786,450
sequence,ridge,rate_type,akiyo,10.847435582883335,10.84689672883834,-25.802154333365745,-10.84689672883834,3
sequence,ridge,rate_type,bridge_close,0.7992584477838879,0.7086933656212295,0.7155665629761296,0.3122335693710738,3
sequence,ridge,rate_type,bridge_far,4.4399998914388945,4.145517471419848,-40.31857772329407,-4.145517471419848,3
sequence,ridge,rate_type,bus,5.947310062837377,5.937238410991177,-4.640038861091159,5.937238410991177,3
sequence,ridge,rate_type,coastguard,4.04284875645121,4.020208769959127,-4.043763297977281,4.020208769959127,3
sequence,ridge,rate_type,container,4.2244054045793655,4.217713950810101,-2.0396288546603922,-4.217713950810101,3
sequence,ridge,rate_type,flower,8.09794341818262,8.069734245298061,-7.225996180176038,8.069734245298061,3
sequence,ridge,rate_type,football,5.014555526488408,5.003565186206728,-3.0990707253912495,5.003565186206728,3
sequence,ridge,rate_type,foreman,1.7933647734392721,1.7905185340416547,0.38762419201446274,-1.7905185340416547,3
sequence,ridge,rate_type,hall_monitor,4.103436132217686,4.004264977549908,-8.2315155938042,-4.004264977549908,3
sequence,ridge,rate_type,highway,4.5550369409350635,4.369538813648025,-20.782447783354755,-4.369538813648025,3
sequence,ridge,rate_type,husky,15.531885600873778,15.517993312539621,-93.1951160752727,15.517993312539621,3
sequence,ridge,rate_type,ice,4.576733447962702,4.45588556474113,-1.058918704674968,-4.45588556474113,3
sequence,ridge,rate_type,mobile,7.822439330970024,7.809165961963987,-7.850751703167861,7.809165961963987,3
sequence,ridge,rate_type,mother_daughter,8.088194833500797,8.085631667552667,-14.383874799314993,-8.085631667552667,3
sequence,ridge,rate_type,news,6.009810835645853,5.9431731227560265,-2.905429536034048,-5.9431731227560265,3
sequence,ridge,rate_type,silent,3.027603480095889,2.930868907508014,-0.08043354232529021,-2.930868907508014,3
sequence,ridge,rate_type,soccer,0.8789654220684445,0.7121874288814082,0.8915785808525443,0.7121874288814082,3
sequence,ridge,rate_type,tempete,4.6989314130467035,4.696283644822125,-3.021377776265054,4.696283644822125,3
sequence,ridge,rate_type,waterfall,1.3892952546805635,1.2886007911676387,0.7333456047911675,-1.2886007911676387,3
sequence,ridge,si_ti,akiyo,5.688984043769133,5.684805357777511,-6.371994040419775,-5.684805357777511,3
sequence,ridge,si_ti,bridge_close,6.332909921163329,6.3199053712214734,-16.857176866736545,6.3199053712214734,3
sequence,ridge,si_ti,bridge_far,4.103500345282999,3.907219135102603,-34.292985145841236,3.907219135102603,3
sequence,ridge,si_ti,bus,2.9208845319687895,2.8963984807721417,-0.3604096753654631,-2.8963984807721417,3
sequence,ridge,si_ti,coastguard,0.5051203601719119,0.4572092883247893,0.9212647054930725,0.31676189034976093,3
sequence,ridge,si_ti,container,0.37528923493404714,0.31471446175856005,0.9760104780681048,0.25905696105533593,3
sequence,ridge,si_ti,flower,2.9231743926801665,2.844094181926844,-0.07188570414119377,2.844094181926844,3
sequence,ridge,si_ti,football,0.8899954631989322,0.8258264762643664,0.8708792297709953,0.8258264762643664,3
sequence,ridge,si_ti,foreman,0.11331824437906748,0.10743105080861189,0.9975549911760512,0.05138515975394616,3
sequence,ridge,si_ti,hall_monitor,2.8703925461153057,2.7267385808026083,-3.517105545552516,-2.7267385808026083,3
sequence,ridge,si_ti,highway,1.4538799078726337,1.2902525873988395,-1.2191156915985717,-0.6769598933535642,3
sequence,ridge,si_ti,husky,6.36607058007911,6.332100817259854,-14.824242073853682,6.332100817259854,3
sequence,ridge,si_ti,ice,6.8937585695492,6.757960789984932,-3.6713251673742624,-6.757960789984932,3
sequence,ridge,si_ti,mobile,1.6718806446644967,1.5987189117238607,0.5956976271548857,1.5987189117238607,3
sequence,ridge,si_ti,mother_daughter,2.2167272011911114,2.2093782670404303,-0.15554544295534445,-2.2093782670404303,3
sequence,ridge,si_ti,news,6.1980718438138895,6.133479849798303,-3.153941858845398,-6.133479849798303,3
sequence,ridge,si_ti,silent,0.7968488685906546,0.6664997655859702,0.9251568620904013,-0.0845985365644258,3
sequence,ridge,si_ti,soccer,2.02400636287145,1.9573534370697772,0.42509610188594904,-1.9573534370697772,3
sequence,ridge,si_ti,tempete,1.4085293529836866,1.3955391595958169,0.6386663024028043,1.3955391595958169,3
sequence,ridge,si_ti,waterfall,3.552650117526283,3.5093570380345134,-0.7436708935046223,3.5093570380345134,3
sequence,ridge,qp_only,akiyo,0.8036989715410765,0.7217676509311914,0.8528696157243859,-0.31892031365591106,3
sequence,ridge,qp_only,bridge_close,0.9633234683857552,0.8821643421586008,0.5868093741430438,0.8821643421586008,3
sequence,ridge,qp_only,bridge_far,1.946566762222278,1.874305954046612,-6.941783647752665,1.874305954046612,3
sequence,ridge,qp_only,bus,0.33550448299743235,0.28022797227098434,0.9820511102692489,0.20279070831294752,3
sequence,ridge,qp_only,coastguard,0.5383556940787503,0.4875656551206345,0.9105627721527921,0.4875656551206345,3
sequence,ridge,qp_only,container,0.3631302735818608,0.352138266118781,0.9775397651477186,-0.034543231708482836,3
sequence,ridge,qp_only,flower,0.7113183675834641,0.6681407777485191,0.936530208170557,-0.6681407777485191,3
sequence,ridge,qp_only,football,2.7250806539676193,2.714427778466073,-0.210540276265768,-2.714427778466073,3
sequence,ridge,qp_only,foreman,0.3051293407246249,0.25352964484507606,0.9822724508851995,0.010851163329550198,3
sequence,ridge,qp_only,hall_monitor,0.19375009156305056,0.1809348974068996,0.9794192364101567,0.05172082474445953,3
sequence,ridge,qp_only,highway,0.36494535244366605,0.34490191725012426,0.8601770214323705,0.15785676320099404,3
sequence,ridge,qp_only,husky,2.760378425120586,2.699224039496754,-1.975207554394443,2.699224039496754,3
sequence,ridge,qp_only,ice,1.9903857711944852,1.9598927257063679,0.6105941454646292,-1.9598927257063679,3
sequence,ridge,qp_only,mobile,0.4113016002409751,0.33696624140644715,0.9755309815361001,0.33696624140644715,3
sequence,ridge,qp_only,mother_daughter,0.4235933333688231,0.33514055342250515,0.9578050223565318,0.3213964129485163,3
sequence,ridge,qp_only,news,0.9222574473179888,0.8029531746780307,0.9080288655664097,-0.8029531746780307,3
sequence,ridge,qp_only,silent,0.5167560261864175,0.44864168518719555,0.9685246066125212,0.44864168518719555,3
sequence,ridge,qp_only,soccer,0.6829680527094371,0.6529759138389082,0.9345405601474333,-0.6529759138389082,3
sequence,ridge,qp_only,tempete,0.17115172698989684,0.14576217060315125,0.9946649409221708,0.1317542591853993,3
sequence,ridge,qp_only,waterfall,0.3063254620347911,0.2727303511241625,0.9870363936078379,-0.2727303511241625,3
sequence,ridge,si_ti_qp,akiyo,0.683706222169577,0.590494763175838,0.8935232936392633,0.15183931846775778,3
sequence,ridge,si_ti_qp,bridge_close,0.44339181720492393,0.3912128892629549,0.9124650422177801,0.09220310156769074,3
sequence,ridge,si_ti_qp,bridge_far,1.6495159980519798,1.548567601723531,-4.702857353836917,1.548567601723531,3
sequence,ridge,si_ti_qp,bus,0.5994725758287031,0.5579684828865344,0.942696707697525,0.5579684828865344,3
sequence,ridge,si_ti_qp,coastguard,0.4730092165472939,0.3931563351766876,0.93095711761817,0.3931563351766876,3
sequence,ridge,si_ti_qp,container,0.734049034423235,0.6681906301202479,0.9082218027471303,-0.6681906301202479,3
sequence,ridge,si_ti_qp,flower,0.5854473819891136,0.5038567479825934,0.9570053157246131,-0.5038567479825934,3
sequence,ridge,si_ti_qp,football,2.958183790215064,2.9392413624265608,-0.42649688727149093,-2.9392413624265608,3
sequence,ridge,si_ti_qp,foreman,0.3900153243966278,0.3525137025911107,0.9710369630013591,0.11018650661820573,3
sequence,ridge,si_ti_qp,hall_monitor,0.37050279244891887,0.34008873449153515,0.9247406224146866,-0.34008873449153515,3
sequence,ridge,si_ti_qp,highway,0.4903307566600353,0.4400595346333371,0.7475931444868845,0.2922408495647417,3
sequence,ridge,si_ti_qp,husky,2.6119246812966566,2.5274957512512124,-1.6637981803795685,2.5274957512512124,3
sequence,ridge,si_ti_qp,ice,1.6830853588524775,1.6269623886313174,0.7215544740157553,-1.6269623886313174,3
sequence,ridge,si_ti_qp,mobile,0.5054866196350333,0.4141739365603243,0.9630414368543622,0.4141739365603243,3
sequence,ridge,si_ti_qp,mother_daughter,0.49902024016681984,0.3994826800834659,0.9414402990797761,0.3820378131565055,3
sequence,ridge,si_ti_qp,news,1.3461123054486424,1.2219262395082378,0.8040660064759009,-1.2219262395082378,3
sequence,ridge,si_ti_qp,silent,0.7546965217555717,0.6917628208295644,0.9328656538014518,0.6917628208295644,3
sequence,ridge,si_ti_qp,soccer,0.4339007701183282,0.3731649320227734,0.9735788115713249,0.317767025061098,3
sequence,ridge,si_ti_qp,tempete,0.14061797529891554,0.1008736583710584,0.9963987079493621,0.1008736583710584,3
sequence,ridge,si_ti_qp,waterfall,0.22205736222009576,0.16006222911293597,0.9931877591379809,-0.16006222911293597,3
sequence,ridge,si_ti_qp_cu,akiyo,0.46293877476956713,0.38726738849147085,0.9511839472169956,-0.03690195560685557,3
sequence,ridge,si_ti_qp_cu,bridge_close,0.5036685063585414,0.4099344515136328,0.8870475200586554,-0.3279276163202738,3
sequence,ridge,si_ti_qp_cu,bridge_far,1.1911574619660863,1.10955366101098,-1.973841352148343,1.10955366101098,3
sequence,ridge,si_ti_qp_cu,bus,0.19627817935890415,0.17897745870363715,0.9938569369026696,0.06072671248624317,3
sequence,ridge,si_ti_qp_cu,coastguard,0.2763925208339578,0.2347948385876132,0.9764260541500637,0.2347948385876132,3
sequence,ridge,si_ti_qp_cu,container,0.35514411579051414,0.32479907605621366,0.9785168170795824,-0.32479907605621366,3
sequence,ridge,si_ti_qp_cu,flower,1.2577937300464421,1.1563096872296394,0.8015469039941545,-1.1563096872296394,3
sequence,ridge,si_ti_qp_cu,football,1.8371268449828986,1.6676817046066834,0.44982758816778934,-1.6676817046066834,3
sequence,ridge,si_ti_qp_cu,foreman,0.40198619451415096,0.37644446168711926,0.9692317332216085,0.1101082958514515,3
sequence,ridge,si_ti_qp_cu,hall_monitor,0.20555728959007424,0.13161035922416886,0.976834407297486,-0.12918567965116287,3
sequence,ridge,si_ti_qp_cu,highway,0.14779632152396535,0.1192754942690802,0.9770675674385705,-0.10211755974196517,3
sequence,ridge,si_ti_qp_cu,husky,2.1661404217400992,2.0729359070192346,-0.8321171191996524,2.0729359070192346,3
sequence,ridge,si_ti_qp_cu,ice,2.017518084577151,1.9727685881078543,0.5999052684686808,-1.9727685881078543,3
sequence,ridge,si_ti_qp_cu,mobile,0.48351486204115995,0.4177267897496364,0.9661845317362918,0.05903001471566682,3
sequence,ridge,si_ti_qp_cu,mother_daughter,0.2564726983184765,0.2255015810483935,0.9845316207946939,0.01475904310931971,3
sequence,ridge,si_ti_qp_cu,news,0.5024801903774045,0.46272493904150025,0.9726985890913246,-0.23263950388345003,3
sequence,ridge,si_ti_qp_cu,silent,1.2476986802172059,1.2395223492288707,0.8165070011883666,1.2395223492288707,3
sequence,ridge,si_ti_qp_cu,soccer,0.7715572888766644,0.659650643288367,0.916457423847594,0.5619678814113781,3
sequence,ridge,si_ti_qp_cu,tempete,0.30046897422437974,0.24810676810904062,0.9835571940973618,-0.009757395763961322,3
sequence,ridge,si_ti_qp_cu,waterfall,0.40471516402849933,0.31194264215213724,0.9773713525720918,-0.25442936221619544,3
sequence,ridge,all_easy,akiyo,0.6196239084213363,0.4790869352549194,0.912547570758079,-0.4359551747131884,3
sequence,ridge,all_easy,bridge_close,0.5992516840941423,0.5202124504012792,0.8401087472767029,-0.5202124504012792,3
sequence,ridge,all_easy,bridge_far,1.1244976141942027,1.0864625904296592,-1.650309061449498,1.0864625904296592,3
sequence,ridge,all_easy,bus,0.20159706292058804,0.14127657316405973,0.9935194877565884,-0.14127657316405973,3
sequence,ridge,all_easy,coastguard,0.2656823024572516,0.24149891527439968,0.9782176385440272,0.24149891527439968,3
sequence,ridge,all_easy,container,0.13906561374407939,0.11293433472911119,0.9967059598143425,0.01403335298859787,3
sequence,ridge,all_easy,flower,1.007528429611384,0.8229034246821539,0.87266328357565,-0.8229034246821539,3
sequence,ridge,all_easy,football,1.9935703680430703,1.7935486195898467,0.35213627763925825,-1.7935486195898467,3
sequence,ridge,all_easy,foreman,0.5161376170446097,0.48472648391860673,0.9492762000917835,0.29686209889226234,3
sequence,ridge,all_easy,hall_monitor,0.949967307333625,0.9368390309317007,0.5052395564935455,0.9368390309317007,3
sequence,ridge,all_easy,highway,1.3096766907655024,1.308047836769892,-0.8007402461971471,-1.308047836769892,3
sequence,ridge,all_easy,husky,1.9053213849002164,1.8117654763758644,-0.4174785746953873,1.8117654763758644,3
sequence,ridge,all_easy,ice,1.481543999360325,1.3738401313167472,0.7842468885271054,-1.3738401313167472,3
sequence,ridge,all_easy,mobile,0.6876407372138612,0.5732054648390132,0.9316058518553324,-0.4255879454348275,3
sequence,ridge,all_easy,mother_daughter,0.5294799705192136,0.46267946723733405,0.9340732601024564,0.46267946723733405,3
sequence,ridge,all_easy,news,1.0521996096767128,0.9676620091501912,0.880286404592602,-0.9676620091501912,3
sequence,ridge,all_easy,silent,0.8914375847516433,0.8764018511258816,0.9063340054912045,0.8764018511258816,3
sequence,ridge,all_easy,soccer,0.7962287421434194,0.7002509078879887,0.9110292589871222,0.5677013203523439,3
sequence,ridge,all_easy,tempete,0.2951868057013498,0.24391133023047948,0.9841302332219982,-0.08781390498575566,3
sequence,ridge,all_easy,waterfall,0.7590443215264743,0.5978267148365765,0.9204035107035635,-0.32160685067275097,3
sequence,hist_gb,rate_type,akiyo,10.847526259488808,10.846896728502008,-25.802602427943228,-10.846896728502008,3
sequence,hist_gb,rate_type,bridge_close,0.7983643736288061,0.6893118551572286,0.7162025583772949,0.31223357117459233,3
sequence,hist_gb,rate_type,bridge_far,4.43908970904936,4.1455174732895435,-40.30163917012494,-4.1455174732895435,3
sequence,hist_gb,rate_type,bus,5.946759224402891,5.937238412879103,-4.638994151375126,5.937238412879103,3
sequence,hist_gb,rate_type,coastguard,4.042169121345697,4.0202087719975985,-4.0420676468770464,4.0202087719975985,3
sequence,hist_gb,rate_type,container,4.22452858877535,4.217713951189531,-2.0398061291688565,-4.217713951189531,3
sequence,hist_gb,rate_type,flower,8.097487350991656,8.069734242071876,-7.225069648306436,8.069734242071876,3
sequence,hist_gb,rate_type,football,5.013740859647662,5.003565187246184,-3.0977389600047056,5.003565187246184,3
sequence,hist_gb,rate_type,foreman,1.7934230082376978,1.7905185387885467,0.3875844207852349,-1.7905185387885467,3
sequence,hist_gb,rate_type,hall_monitor,4.104089126868906,4.004264978796596,-8.234453916590402,-4.004264978796596,3
sequence,hist_gb,rate_type,highway,4.55504643815248,4.369538813741152,-20.782538615925727,-4.369538813741152,3
sequence,hist_gb,rate_type,husky,15.531538877066575,15.517993316686642,-93.1909106200475,15.517993316686642,3
sequence,hist_gb,rate_type,ice,4.576851898636576,4.455885567078492,-1.0590252800159758,-4.455885567078492,3
sequence,hist_gb,rate_type,mobile,7.822809005381831,7.809165966137411,-7.851588264144164,7.809165966137411,3
sequence,hist_gb,rate_type,mother_daughter,8.089101264925159,8.08563166836669,-14.3873230864047,-8.08563166836669,3
sequence,hist_gb,rate_type,news,6.011010735130051,5.943173122639358,-2.9069891826925307,-5.943173122639358,3
sequence,hist_gb,rate_type,silent,3.0268935141196276,2.9308689098684986,-0.07992688343054688,-2.9308689098684986,3
sequence,hist_gb,rate_type,soccer,0.8749788805678839,0.7121874291383262,0.8925598397190595,0.7121874291383262,3
sequence,hist_gb,rate_type,tempete,4.698822984194781,4.696283642720065,-3.021192190093937,4.696283642720065,3
sequence,hist_gb,rate_type,waterfall,1.3912192495061275,1.2886007933973527,0.7326065294604809,-1.2886007933973527,3
sequence,hist_gb,si_ti,akiyo,9.659256536941443,9.655066750602636,-20.25215355073661,-9.655066750602636,3
sequence,hist_gb,si_ti,bridge_close,8.633575236013606,8.6285492111337,-32.18849314682415,8.6285492111337,3
sequence,hist_gb,si_ti,bridge_far,2.1173734272794764,1.937397771731521,-8.396678360831585,-1.937397771731521,3
sequence,hist_gb,si_ti,bus,6.689329750543129,6.475395924444549,-6.135199892859963,-6.475395924444549,3
sequence,hist_gb,si_ti,coastguard,4.018183967227573,3.852931891939902,-3.982408603120584,3.852931891939902,3
sequence,hist_gb,si_ti,container,3.0287555759094804,2.9974067681015364,-0.5624921091010264,-2.9974067681015364,3
sequence,hist_gb,si_ti,flower,4.294087285412537,4.260067662001219,-1.3130273268478971,4.260067662001219,3
sequence,hist_gb,si_ti,football,3.4831816425788773,3.459285867755098,-0.9777562612424502,3.459285867755098,3
sequence,hist_gb,si_ti,foreman,0.8249969501494374,0.8111186984895605,0.8704058367202249,0.8111186984895605,3
sequence,hist_gb,si_ti,hall_monitor,1.5010924164827513,1.1838499541288243,-0.23535709242838987,-0.5508291720623811,3
sequence,hist_gb,si_ti,highway,2.055838972724214,1.935168187181309,-3.4371188775424493,0.9617465604815294,3
sequence,hist_gb,si_ti,husky,8.846774261292715,8.821227007712661,-29.559758006761943,8.821227007712661,3
sequence,hist_gb,si_ti,ice,7.37401987601237,7.30818753572452,-4.34486287544719,-7.30818753572452,3
sequence,hist_gb,si_ti,mobile,1.9734102698866416,1.7112687344652333,0.43671197549958396,-1.7112687344652333,3
sequence,hist_gb,si_ti,mother_daughter,3.0567697576154935,2.9963911649223505,-1.1972930608059316,-2.9963911649223505,3
sequence,hist_gb,si_ti,news,10.586933651851856,10.411170820768723,-11.119580407803882,-10.411170820768723,3
sequence,hist_gb,si_ti,silent,0.8788768945775141,0.846957539546556,0.9089549872096516,0.2384729490703137,3
sequence,hist_gb,si_ti,soccer,3.949682060951544,3.625299207746815,-1.189252132328857,-3.625299207746815,3
sequence,hist_gb,si_ti,tempete,2.393154458783798,2.393088537888365,-0.04308120726818099,2.393088537888365,3
sequence,hist_gb,si_ti,waterfall,6.120846375394321,6.078057308332674,-4.175860953223912,6.078057308332674,3
sequence,hist_gb,qp_only,akiyo,4.203576042686355,4.049743552321391,-3.024883928782242,-4.049743552321391,3
sequence,hist_gb,qp_only,bridge_close,0.9319217511155713,0.8446234099737447,0.613308099722834,0.6287726742816204,3
sequence,hist_gb,qp_only,bridge_far,0.8249074530105461,0.7025798374466419,-0.42623109123983793,0.6340524456809954,3
sequence,hist_gb,qp_only,bus,2.0280009954249607,1.7449247457775716,0.34419116673927763,-0.8986922439272339,3
sequence,hist_gb,qp_only,coastguard,1.5381857437307487,1.282763899066597,0.2698749119153069,1.282763899066597,3
sequence,hist_gb,qp_only,container,2.1595359911515075,2.1182079622613776,0.20565297690759943,2.1182079622613776,3
sequence,hist_gb,qp_only,flower,0.6386922394665747,0.5209699844020731,0.9488291882988646,0.5209699844020731,3
sequence,hist_gb,qp_only,football,3.2955613031316253,3.006194309108949,-0.7704322488435149,-3.006194309108949,3
sequence,hist_gb,qp_only,foreman,1.097937233620088,0.9956218500759112,0.7704719418609673,0.6310768403499717,3
sequence,hist_gb,qp_only,hall_monitor,0.6600090064490105,0.5831246618604334,0.7611763260618061,-0.5831246618604334,3
sequence,hist_gb,qp_only,highway,1.4183851425963254,1.1975030025690974,-1.1120841705917308,-1.1975030025690974,3
sequence,hist_gb,qp_only,husky,8.010241224589942,7.837510712317837,-24.05366171503759,7.837510712317837,3
sequence,hist_gb,qp_only,ice,2.9800370929462576,2.8554631736901563,0.1270863200862351,-2.8554631736901563,3
sequence,hist_gb,qp_only,mobile,0.9300238012508165,0.8749469005999421,0.8748923470674734,0.585754926715841,3
sequence,hist_gb,qp_only,mother_daughter,1.6366846771335843,1.3502067313154267,0.37006960921127363,-1.3113758496514336,3
sequence,hist_gb,qp_only,news,2.304233217613038,1.961951451314853,0.4258834481679742,-1.961951451314853,3
sequence,hist_gb,qp_only,silent,2.174651057156736,1.9830372204518838,0.44258426039724186,0.7834250873520171,3
sequence,hist_gb,qp_only,soccer,1.7865165588968088,1.620466287546017,0.5520953219634769,-1.620466287546017,3
sequence,hist_gb,qp_only,tempete,0.996284157601657,0.9321881995224809,0.8192230268686778,0.9321881995224809,3
sequence,hist_gb,qp_only,waterfall,2.1417878191094935,2.028377657347896,0.36625794117532096,2.028377657347896,3
sequence,hist_gb,si_ti_qp,akiyo,4.325290363327781,4.206759001731323,-3.261338946950602,-4.206759001731323,3
sequence,hist_gb,si_ti_qp,bridge_close,2.4105819614083086,2.407937565764049,-1.5873190339881726,2.407937565764049,3
sequence,hist_gb,si_ti_qp,bridge_far,0.6686324980545395,0.5483727140870703,0.06296803343235569,0.36772277794891767,3
sequence,hist_gb,si_ti_qp,bus,3.0351396926710446,2.922414730838973,-0.46892053781768017,-2.922414730838973,3
sequence,hist_gb,si_ti_qp,coastguard,1.8123979745799383,1.4593148575240764,-0.013647244645463186,1.1195024005061793,3
sequence,hist_gb,si_ti_qp,container,1.530939446723526,1.4957923536641857,0.6007863281310405,1.4957923536641857,3
sequence,hist_gb,si_ti_qp,flower,1.779285895022088,1.6787472766750149,0.6028720082821224,1.6787472766750149,3
sequence,hist_gb,si_ti_qp,football,0.259788720290936,0.21065137685303034,0.9889982669305742,0.1452926308254412,3
sequence,hist_gb,si_ti_qp,foreman,0.9932651743168601,0.7888675004885831,0.8121500113801148,0.6533699291221305,3
sequence,hist_gb,si_ti_qp,hall_monitor,1.1792414782307061,1.0898989265525003,0.2375995496894766,-1.0898989265525003,3
sequence,hist_gb,si_ti_qp,highway,1.394493839092035,1.2431802882697411,-1.0415314495361359,-1.2431802882697411,3
sequence,hist_gb,si_ti_qp,husky,7.3646155068271,7.194304659908368,-20.177767470456487,7.194304659908368,3
sequence,hist_gb,si_ti_qp,ice,3.505018235591189,3.44819904285632,-0.20755945735784986,-3.44819904285632,3
sequence,hist_gb,si_ti_qp,mobile,0.9203380190886141,0.6840075878923493,0.8774846580892786,0.6741088916060333,3
sequence,hist_gb,si_ti_qp,mother_daughter,1.3161688043860138,1.2806383653999447,0.5926331224007692,-0.5126668081798655,3
sequence,hist_gb,si_ti_qp,news,3.9302942029750976,3.9016042969139284,-0.6703109307985389,-3.9016042969139284,3
sequence,hist_gb,si_ti_qp,silent,1.5206546580487508,1.3448661515522933,0.7274405399638861,0.659348564952,3
sequence,hist_gb,si_ti_qp,soccer,0.517005876531104,0.4356526276598925,0.9624886697639091,0.4356526276598925,3
sequence,hist_gb,si_ti_qp,tempete,1.1232044355437636,0.7797329146059262,0.7702294937126001,0.7797329146059262,3
sequence,hist_gb,si_ti_qp,waterfall,3.369916957802913,3.3406131166303723,-0.5689100315123448,3.3406131166303723,3
sequence,hist_gb,si_ti_qp_cu,akiyo,4.331278316443998,4.21020146634627,-3.273145951060073,-4.21020146634627,3
sequence,hist_gb,si_ti_qp_cu,bridge_close,1.9987893312890315,1.9162218007806189,-0.7788536699426889,1.9162218007806189,3
sequence,hist_gb,si_ti_qp_cu,bridge_far,0.7882252774336921,0.6615808519302485,-0.3022074056334061,0.4675411335905674,3
sequence,hist_gb,si_ti_qp_cu,bus,3.054216609754697,2.9483581286032994,-0.48744392961493865,-2.9483581286032994,3
sequence,hist_gb,si_ti_qp_cu,coastguard,2.0719868035645246,1.7030930075550021,-0.324810245195035,1.5016780912575338,3
sequence,hist_gb,si_ti_qp_cu,container,1.7000200440916766,1.6723806880384917,0.5077366948482049,1.6723806880384917,3
sequence,hist_gb,si_ti_qp_cu,flower,1.5437923625690935,1.390169107873529,0.7010374399743728,1.390169107873529,3
sequence,hist_gb,si_ti_qp_cu,football,0.35576931913395754,0.3177653046900346,0.9793672313921367,0.22950612815354296,3
sequence,hist_gb,si_ti_qp_cu,foreman,1.0180051311972897,0.8382452165123387,0.8026756458549734,0.8382452165123387,3
sequence,hist_gb,si_ti_qp_cu,hall_monitor,1.5091568220909521,1.374959931650262,-0.2486663083020979,-1.374959931650262,3
sequence,hist_gb,si_ti_qp_cu,highway,1.610991281179559,1.4682525260703987,-1.7246407944614246,-1.4682525260703987,3
sequence,hist_gb,si_ti_qp_cu,husky,8.025880189418809,7.8459433240101335,-24.151585312079938,7.8459433240101335,3
sequence,hist_gb,si_ti_qp_cu,ice,3.650589857514109,3.6172317661237643,-0.3099479683842816,-3.6172317661237643,3
sequence,hist_gb,si_ti_qp_cu,mobile,0.6600627268810807,0.4659291868611959,0.9369817746727498,0.44697863313516706,3
sequence,hist_gb,si_ti_qp_cu,mother_daughter,1.923064787371737,1.5890724935612326,0.13033826887924072,-1.5396839928613464,3
sequence,hist_gb,si_ti_qp_cu,news,3.973542802432319,3.950523692990475,-0.7072730808045453,-3.950523692990475,3
sequence,hist_gb,si_ti_qp_cu,silent,1.438088853637588,1.1433503364478146,0.756234911359682,1.1433503364478146,3
sequence,hist_gb,si_ti_qp_cu,soccer,0.7516254771448249,0.7062325290833217,0.9207180193056,0.7062325290833217,3
sequence,hist_gb,si_ti_qp_cu,tempete,1.0508199403233869,0.8878865633595628,0.7988901823397372,0.8878865633595628,3
sequence,hist_gb,si_ti_qp_cu,waterfall,3.37884302784784,3.2265498572634166,-0.577232342020134,3.2265498572634166,3
sequence,hist_gb,all_easy,akiyo,4.047120822414266,3.8954448854760693,-2.7308508213713956,-3.8954448854760693,3
sequence,hist_gb,all_easy,bridge_close,0.607724463185314,0.5359822654710081,0.8355554002623862,0.5359822654710081,3
sequence,hist_gb,all_easy,bridge_far,0.4843817163513794,0.46718742714404726,0.5082380432231399,0.2685323915947914,3
sequence,hist_gb,all_easy,bus,3.061704175246786,2.978231646161903,-0.4947459563735934,-2.978231646161903,3
sequence,hist_gb,all_easy,coastguard,1.347453423084965,1.1435366083729122,0.43971727541424643,0.9996650475704385,3
sequence,hist_gb,all_easy,container,1.3808988049961055,1.2508036691573707,0.6752021939807002,1.2508036691573707,3
sequence,hist_gb,all_easy,flower,0.9365650831039002,0.790379035811263,0.8899690272386348,0.790379035811263,3
sequence,hist_gb,all_easy,football,0.8171131142360663,0.7002894351548848,0.891160914532172,0.7002894351548848,3
sequence,hist_gb,all_easy,foreman,1.138910763754917,0.865720454810436,0.753020930074322,0.865720454810436,3
sequence,hist_gb,all_easy,hall_monitor,0.8790090206300875,0.8038041849012411,0.5763918422884644,-0.8038041849012411,3
sequence,hist_gb,all_easy,highway,1.298588013578808,1.2131699047408375,-0.7703765750110045,-1.2131699047408375,3
sequence,hist_gb,all_easy,husky,7.7570915260734115,7.613947214055102,-22.49512991890694,7.613947214055102,3
sequence,hist_gb,all_easy,ice,2.9954903740932735,2.937365562603285,0.11800968421992641,-2.937365562603285,3
sequence,hist_gb,all_easy,mobile,0.777917740417796,0.6278111535168082,0.912468755821541,-0.5400462303297182,3
sequence,hist_gb,all_easy,mother_daughter,2.0206212445978875,1.8029364784382647,0.03986487523674531,-1.8029364784382647,3
sequence,hist_gb,all_easy,news,3.0547372518800544,3.024319328938598,-0.009008729952687089,-3.024319328938598,3
sequence,hist_gb,all_easy,silent,1.3267739146681452,1.0748125980331338,0.7925115550869541,0.6604597108068996,3
sequence,hist_gb,all_easy,soccer,0.8062820762755392,0.7192676956617655,0.9087683525334893,0.7192676956617655,3
sequence,hist_gb,all_easy,tempete,1.688744135294689,1.6029104576884805,0.4805971011395611,1.6029104576884805,3
sequence,hist_gb,all_easy,waterfall,2.6517104100994504,2.4992153961473065,0.02856928957883853,2.4992153961473065,3
