sequence,target_kbps,actual_kbps,bitrate_error_pct,frames,duration_s,si_max,si_mean,ti_max,ti_mean,psnr_y,psnr_yuv,psnr_y_frame_db_mean,mse_y,mse_yuv,sha256_encoded,si_2023_mean,ti_2023_mean,si_2023_max,ti_2023_max,si_2023_full_mean,ti_2023_full_mean,luma_outside_limited_pct,qp_mean,qp_std,qp_I_mean,qp_P_mean,qp_B_mean,intra_cu_pct_mean,inter_cu_pct_mean,skip_merge_cu_pct_mean,packet_bpp_std,source_luma_mean,source_luma_std_mean,I_frame_fraction,P_frame_fraction,B_frame_fraction
akiyo,150,149.496,-0.3359999999999918,150,5.0,66.95879550615602,65.37900656377691,5.860744166584171,2.5735724884555142,42.55814712228885,43.4446332926146,42.7647370546614,3.607992687289562,2.941826336279461,5bfda6a443ed68254979b205ec40540eb639e4edb6f2117b5b245921706ba651,46.55987301860048,2.0851375284162352,47.79568889451024,4.63997093568474,38.47762809105152,1.6743020495595569,0.2240635521885521,24.69333333333333,2.4219734836607016,22.333333333333332,22.966666666666665,25.196581196581196,2.5440002527952865,97.45599974720471,71.60897437237269,0.09565056124618833,93.27200270938552,47.56596401296539,0.02,0.2,0.78
bridge_close,150,149.0224,-0.6517333333333264,150,5.0,87.60987717720626,85.92247733640319,7.209813911242209,4.4976107102681055,32.70025243121563,33.83714657009506,32.8140676349983,34.91846288404882,26.876066305415268,35f2cd4c04bc7e886143e2d6aa4094fb8f009f20612397b36a2c28f6334a0a4f,46.489713738909245,2.057120812977852,47.33227211124191,3.114258091305389,38.927531902753074,1.805545927255943,23.07123316498317,33.846666666666664,1.6319177539188534,31.0,32.266666666666666,34.324786324786324,5.193181102732217,94.80681889726777,74.59947025201299,0.09180293371880299,169.51597005208333,61.14946643462945,0.02,0.2,0.78
bridge_far,150,150.9984,0.6655999999999995,150,5.0,49.95068729684819,49.66545949811962,4.1716611756122655,3.085254749222957,37.96523935669077,38.51124747039316,37.99482419665989,10.388585661300503,9.161268544823232,98d105168a931c68cc1403ccc41cba28312d2151a3f25994aad16338ba25dc48,36.02746347701467,1.6361580650264196,36.30514998246775,2.2077303123949723,28.646346816626373,1.3988512065435406,16.864366319444443,28.46,1.3838593377459527,25.666666666666668,26.8,28.957264957264957,5.358779384531294,94.6412206154687,60.59045117174872,0.0858941382543759,171.43959471012204,58.94011770458877,0.02,0.2,0.78
bus,150,149.4064,-0.3957333333333368,150,5.0,150.62756676615962,143.18757990199913,38.33408732959468,33.83976516503171,26.21803135568545,27.82527764804874,26.326187304730524,155.3378269018308,107.28835735830528,836b69b04b2a5b20a43be093ffdadf2da428e8d48e9c296e487546b4c2945aed,96.1538176033683,25.41941744940125,101.6497900973938,29.18046407139073,79.61018894956847,20.465766019929223,2.340080492424242,41.406666666666666,1.4052125185260136,38.333333333333336,39.86666666666667,41.88034188034188,6.084758672005991,93.91524132799401,65.74836618255829,0.0644626126843761,81.59696640888048,51.05833819724216,0.02,0.2,0.78
coastguard,150,149.4736,-0.3509333333333253,150,5.0,121.13577140488366,105.27532947021994,34.91400169058398,16.992151605314266,28.85964353347864,30.49957647154897,28.94907379022295,84.55046638257576,57.9592442217312,69fc42d948eaaa589b58a202d8df57d029e8ace35f3e52f3b8c50c51983041eb,74.68946896334509,12.420229411563476,84.35164498751719,24.471958913008688,60.6808751934743,9.99422166934079,1.4186921296296295,38.56666666666667,1.4395215254459455,35.666666666666664,37.0,39.042735042735046,7.1077599980998745,92.8922400019001,71.4655016369478,0.07557870664984624,113.78267564972644,49.617197846037065,0.02,0.2,0.78
container,150,149.0016,-0.6655999999999995,150,5.0,127.7149805998856,126.92832970814123,3.361748417300696,3.0764291271450186,35.87620910211978,37.15621243770319,36.15572575633284,16.805810053661613,12.515814481621776,6077622f4a180759a593e1526ca428fe7c6ea427a892bbe63c9827469c97a1cb,73.7028567640117,1.7840919872426402,74.39398576443709,1.928927803745213,62.65718788295378,1.5092685382476434,3.048190235690236,30.346666666666668,2.438542369713696,28.0,28.633333333333333,30.846153846153847,2.696638220246687,97.3033617797533,82.6372485659116,0.1260214707887729,145.19248743949913,47.79063564280482,0.02,0.2,0.78
flower,150,149.064,-0.6240000000000023,150,5.0,160.38033302735326,156.25476179015482,38.972889889220816,33.61219178090622,23.829580115243605,25.27613702607708,24.03875467948744,269.22931693234426,192.9597191094977,1b371ed63416801f8b2410dfbec506754e41a645b16d1d2db2fc4b911b0f88f0,80.48473787749798,16.115753188112368,82.94872812687679,18.342192453087005,68.99484151959611,14.075478187518511,48.11975220959596,42.46,2.223000974658656,40.0,40.86666666666667,42.93162393162393,3.823850914003874,96.17614908599613,74.06907570847858,0.10144201211111233,195.35579795349327,58.794912068916865,0.02,0.2,0.78
football,150,148.81279999999998,-0.7914666666666736,150,5.0,124.66637984953542,78.32543152243431,40.24144209433064,28.01277464812324,27.16269768304421,28.56932063960268,27.696484260346104,124.97138777093856,90.395809220679,1ab0266b9a1354f043f388919cbe2eb6df16e9fb1032b564308011d46b55774f,58.21618127705278,17.688305553753853,82.17570916450595,26.10119186616035,47.80827742979127,14.701165961263392,0.9040930134680134,44.126666666666665,1.0538606275130606,40.666666666666664,42.733333333333334,44.572649572649574,18.73050946281426,81.26949053718573,50.39045413107048,0.040630029455170386,104.8549116819234,32.51160061280191,0.02,0.2,0.78
foreman,150,148.784,-0.8106666666666706,150,5.0,86.26076799589327,81.93508318540982,20.54387278605769,11.626367052948623,33.735001080411614,35.08974475109841,33.83272353559745,27.51568017413721,20.14215277777778,d1d8af873f8057226820ab37b70f6b374b71b1834d7104f869f9dc6a488e18cf,48.46943498416387,5.876467684525556,50.73800683469104,10.713053852127285,40.05981738107051,5.066409425717927,2.0316708754208754,34.42666666666667,1.6262294494388614,31.666666666666668,32.733333333333334,34.93162393162393,8.371036569534573,91.62896343046542,61.138092166435136,0.059631563193404444,159.5444493108165,53.638717291139045,0.02,0.2,0.78
hall_monitor,150,149.7936,-0.1376000000000043,150,5.0,118.03839964493676,116.6163112637313,9.192544152350646,5.8563285169297705,36.92677275743205,37.76066179977975,36.99187956187696,13.194808304398148,10.8896565042789,029fafeba8367d9f6d9f52819c3a106243fed9a561cc3c663105587e1eed0a5a,70.63609840172013,4.218389442230295,72.05287847755653,6.986918359025905,59.24430629262012,3.4053217241170395,6.891493055555556,31.013333333333332,1.7009278513668815,28.333333333333332,29.4,31.495726495726494,7.28759489913781,92.71240510086218,60.148815389846966,0.07551666735986957,142.73785274621213,48.445501198256736,0.02,0.2,0.78
highway,150,149.2784,-0.481066666666663,150,5.0,62.59273211120916,57.29793917379073,14.811301411649692,7.746065900702633,37.76123065928195,38.15981836156178,37.795622516597575,10.88823021885522,9.933413738075195,31e280186f92cc28f2f3bf575a31b6b79132bdd1acd4c78ba867a56606e7e802,37.44953839166376,5.032302362567818,40.70483956397693,9.122034413069322,30.441212559654524,4.153817469648223,20.2550242003367,30.566666666666666,1.2879786057574438,27.333333333333332,29.066666666666666,31.034188034188034,6.76783302600724,93.23216697399276,55.86355426445075,0.05540854299750747,164.03920119160355,71.82852224864926,0.02,0.2,0.78
husky,150,151.0496,0.69973333333333,150,5.0,166.36258966766866,159.38772845431023,62.02822638886916,51.30729807245308,18.247070357022825,19.965743879686865,18.2838866968583,973.5837693997264,655.3992995493126,399391fbee21cb149ed50aec634aec9e0f43a7309756e6bf4ceec2225b3e2044,105.5529156517736,34.472246546804335,107.9342987683146,40.52016692990303,85.50804466143398,28.041541160564265,1.2608967276936027,47.26,1.303482514906382,44.333333333333336,45.666666666666664,47.743589743589745,7.4376878001185895,92.56231219988142,69.52043280549147,0.08534120974533196,101.23696384417087,54.97291085804249,0.02,0.2,0.78
ice,150,150.42239999999998,0.2815999999999929,150,5.0,90.672634815298,75.97038868585814,27.69396796594327,16.784039906462453,35.185844898788375,36.6087854977738,35.296937646931376,19.70134476273148,14.197170928030303,9892e3418b0ffa606662455e6378865b90f12c94984af5b54b4bf67d099f6a73,57.16706269421655,12.584664073075263,68.89912049125593,21.165952065790357,45.85543581911053,10.113364743951603,0.001071917087542,35.44,1.3240342392350233,32.0,33.93333333333333,35.914529914529915,9.321629382539806,90.6783706174602,62.33508602901466,0.041661802681039535,138.68861768728954,41.071137341359965,0.02,0.2,0.78
mobile,150,149.896,-0.0693333333333434,150,5.0,174.031680576255,169.30473584888924,32.25438336034269,24.994171138491065,24.1636386256224,25.54578651832833,24.388567457438665,249.2966819891625,181.34338120791247,c99a6f3e9c739d83ecbeec70611edbb2b7d8660bd4bbaaa01a8c09a0506f0261,103.05359632964748,15.666488569650694,106.02722002939744,18.960267678904145,87.02304493259581,13.077614534777751,2.044547032828283,41.36,2.2428553230201898,39.0,39.7,41.84615384615385,3.394775585560269,96.60522441443973,81.156417139241,0.12008736124438844,128.96509285563974,62.891230872934976,0.02,0.2,0.78
mother_daughter,150,149.41279999999998,-0.3914666666666844,150,5.0,55.555480296784864,54.78674054690197,9.544676790615918,3.935659661438789,39.88883967695111,41.05431885216569,39.97395250421602,6.671083754208754,5.100919568953422,cd6b8782e1c3b3403411c5c1599fc2c395ac1a545b4095bec177c75ba9294a06,41.5179743889939,2.5090370899646106,41.95892088389874,4.558854652338673,33.18934733960129,2.0926411111306225,0.2931923400673401,28.053333333333335,1.6843858095921955,25.333333333333332,26.533333333333335,28.512820512820515,5.376671424028282,94.62332857597173,64.63557724573063,0.0768081061237836,114.95233388573232,36.32308874045654,0.02,0.2,0.78
news,150,149.1856,-0.5429333333333397,150,5.0,127.59719998364416,123.9202003348814,28.36357526109084,6.741852367160433,36.67274050103287,37.73067963756992,36.88331044124038,13.989632654671716,10.965094960016836,3c001c8bf991a73d67fd06caf2a1ede6edd1678dac438e0559409e85ebd782c2,84.49777362089155,4.033669806244061,85.23930020417049,17.910376764203686,70.5054861940393,3.354676174595635,2.0063065551346804,31.766666666666666,1.8847339924302904,29.0,30.066666666666666,32.27350427350427,9.064976699762997,90.93502330023698,67.25392511015254,0.07979809940560419,80.21251893939395,51.79303599176711,0.02,0.2,0.78
silent,150,148.5248,-0.9834666666666658,150,5.0,71.90585415437168,70.74983658687289,10.438347029034968,6.718410781084233,34.1283346852311,35.3301251619265,34.33183871501695,25.133148213909934,19.0575840874018,cd565f5551a3592d594d41c80694e8b94d4bf1c974c33f54d7a64abc6ecb9357,49.28461660268372,4.554756714198684,50.26738117186756,7.0962173324796325,40.64271485653427,3.7744057774425537,0.932521832912458,32.58,2.0761181726160642,30.333333333333332,30.9,33.06837606837607,9.80764016348453,90.19235983651548,60.50094942856609,0.0899611531872919,126.2031225010522,50.386137806071865,0.02,0.2,0.78
soccer,150,151.0944,0.7295999999999969,150,5.0,81.91510707314336,65.80783832484605,50.76106387108246,27.47282661035845,30.99379422018632,32.49909737159755,31.40581310416228,51.72505234638047,36.57384531074635,7d1f6088b7774f22554f0f61b7c70ccee5b5501b5b16770639eea5145066aeb5,38.04255338617792,16.991279148691625,48.89060724317262,31.764573691771734,31.951069120730757,14.183370251215768,0.0331899726430976,38.17333333333333,1.3747565441035572,35.0,36.4,38.70940170940171,13.263805351319066,86.73619464868095,57.477682806967444,0.0445862901503228,132.0244089330808,41.14376646928621,0.02,0.2,0.78
tempete,150,148.67839999999998,-0.8810666666666744,150,5.0,106.74889656562934,104.47986846181864,19.063954457233148,13.307662169899675,27.52276292615997,28.930229939168303,27.725462853396348,115.02813229955808,83.18736479377105,1725b6e15141ea27de919782145bbf3e924514112aea4e2af4a9563f1c847d77,80.39972887542368,10.651825779557218,81.53751404957409,15.342368816396602,63.92719451064605,8.406296289254405,0.0400686553030303,38.95333333333333,2.021011847785383,36.333333333333336,37.266666666666666,39.452991452991455,6.044864753426113,93.95513524657389,71.83175699910622,0.09015924723914975,77.4819165614478,44.13456499964384,0.02,0.2,0.78
waterfall,150,148.64,-0.9066666666666778,150,5.0,67.69352978290662,64.9074466903244,6.773552685460138,4.820564688226851,32.73664220280212,33.597466677564555,33.07550878989458,34.62710154934764,28.40100400708474,ff6a7b2ecba1677d1ab9ceeed1ca28ba633edcabd6c8f75ce55a89de155c555c,48.09581040369752,2.9966663583055104,49.67172208169944,4.298187624855551,39.58695369313998,2.5113400804481256,0.8826809764309764,32.7,2.6425997300638118,30.333333333333332,31.033333333333335,33.18803418803419,3.380642144650049,96.61935785534996,80.64553618123371,0.14554419037869729,101.76751262626264,29.795966741642218,0.02,0.2,0.78
akiyo,300,298.672,-0.4426666666666579,150,5.0,66.95879550615602,65.37900656377691,5.860744166584171,2.5735724884555142,45.14429892294056,45.92743967705104,45.305606585957165,1.9890718381734005,1.6608728780864197,41f66fd1e57dd56f1c87c06942a08f7fe4563d50e4fa07c7d163a76571402ce8,46.55987301860048,2.0851375284162352,47.79568889451024,4.63997093568474,38.47762809105152,1.6743020495595569,0.2240635521885521,20.113333333333333,2.177266379864643,18.0,18.433333333333334,20.5982905982906,2.5921179414878845,97.40788205851212,58.73296416411741,0.1523085991181628,93.27200270938552,47.56596401296539,0.02,0.2,0.78
bridge_close,300,301.6512,0.5503999999999953,150,5.0,87.60987717720626,85.92247733640319,7.209813911242209,4.4976107102681055,34.51804041935119,35.45859120000741,34.64984421742465,22.97610032617845,18.50210924347643,0252be85bb556b5d57ad842053aa56e9d5174fc3b14ad35fa6b59fd86b0505ec,46.489713738909245,2.057120812977852,47.33227211124191,3.114258091305389,38.927531902753074,1.805545927255943,23.07123316498317,30.66,1.6076069171286864,27.666666666666668,29.1,31.136752136752136,6.320844672894698,93.6791553271053,60.09692495120968,0.14611573278668838,169.51597005208333,61.14946643462945,0.02,0.2,0.78
bridge_far,300,298.6656,-0.4448000000000007,150,5.0,49.95068729684819,49.66545949811962,4.1716611756122655,3.085254749222957,38.67819740233179,39.26965093392666,38.70927093721557,8.815777501578282,7.69334604727834,8b4a24c6d16c392b94edf51b557a7fe7c9f80f663815392d35565f27d4519ac6,36.02746347701467,1.6361580650264196,36.30514998246775,2.2077303123949723,28.646346816626373,1.3988512065435406,16.864366319444443,26.6,1.3808210118138653,23.333333333333332,24.966666666666665,27.102564102564102,6.085369526004048,93.91463047399596,32.99890473326859,0.12293097146441756,171.43959471012204,58.94011770458877,0.02,0.2,0.78
bus,300,301.15840000000003,0.3861333333333494,150,5.0,150.62756676615962,143.18757990199913,38.33408732959468,33.83976516503171,28.99667633300831,30.535572117285707,29.103959719341784,81.92429779566497,57.48084569654882,9382fd7a194880c04cbe451e86a42c719f5ef203f945d326f75bb099d90a5b29,96.1538176033683,25.41941744940125,101.6497900973938,29.18046407139073,79.61018894956847,20.465766019929223,2.340080492424242,37.11333333333334,1.416741174511264,34.0,35.6,37.58119658119658,6.998630007748952,93.00136999225104,53.440146345763424,0.10888274902762128,81.59696640888048,51.05833819724216,0.02,0.2,0.78
coastguard,300,298.64320000000004,-0.4522666666666564,150,5.0,121.13577140488366,105.27532947021994,34.91400169058398,16.992151605314266,30.897040112982328,32.503003997412335,31.002900111777283,52.89033887047559,36.54096069198933,d4c93abe1ad76ff76d46ebd3eb990594159bce764a8dcbe299765c7fce0d7943,74.68946896334509,12.420229411563476,84.35164498751719,24.471958913008688,60.6808751934743,9.99422166934079,1.4186921296296295,35.07333333333333,1.3861056557452212,32.0,33.5,35.55555555555556,8.97225647158395,91.02774352841605,58.674977041299876,0.12285290712975938,113.78267564972644,49.617197846037065,0.02,0.2,0.78
container,300,297.8688,-0.710400000000011,150,5.0,127.7149805998856,126.92832970814123,3.361748417300696,3.0764291271450186,38.81229229476345,40.00640836883774,39.061176385816616,8.547736610900674,6.49291210718294,9c98ef04a75dfc10d8ff9271fb612a065bc9699036c87939afa135aa51698c14,73.7028567640117,1.7840919872426402,74.39398576443709,1.928927803745213,62.65718788295378,1.5092685382476434,3.048190235690236,25.833333333333332,2.3392781412697,23.333333333333332,24.2,26.316239316239315,3.1716606034319685,96.82833939656803,74.82839134120407,0.21121042735976667,145.19248743949913,47.79063564280482,0.02,0.2,0.78
flower,300,298.0272,-0.6576000000000026,150,5.0,160.38033302735326,156.25476179015482,38.972889889220816,33.61219178090622,26.91805881656113,28.230258308958422,27.11297733907334,132.21309724852696,97.73599304678731,73a58aba8626cd093f7a85211b915d9c877f1c17def7d2b18d21086cc7cf6cca,80.48473787749798,16.115753188112368,82.94872812687679,18.342192453087005,68.99484151959611,14.075478187518511,48.11975220959596,38.34,2.0357799488156867,36.0,36.733333333333334,38.81196581196581,4.010870359992211,95.98912964000779,63.3216589394009,0.16152525297175904,195.35579795349327,58.794912068916865,0.02,0.2,0.78
football,300,297.4016,-0.866133333333341,150,5.0,124.66637984953542,78.32543152243431,40.24144209433064,28.01277464812324,29.8402329785521,31.195731207369988,30.35454750818984,67.46166614057239,49.37501494984568,4dc4fba46fec6ca19865312bb754f47213377501ce635e7936daac8b5c8c34fc,58.21618127705278,17.688305553753853,82.17570916450595,26.10119186616035,47.80827742979127,14.701165961263392,0.9040930134680134,39.26,0.9894779768477246,36.0,37.9,39.69230769230769,26.29041655450685,73.70958344549314,38.819526199650454,0.07058316367018794,104.8549116819234,32.51160061280191,0.02,0.2,0.78
foreman,300,297.8432,-0.718933333333327,150,5.0,86.26076799589327,81.93508318540982,20.54387278605769,11.626367052948623,36.49892713857675,37.77994766813215,36.617264683634446,14.560880813341749,10.841405636223344,0eed024196506b9aab8c9b712fc8a4b55c998ac203b145397348d5527e251f4b,48.46943498416387,5.876467684525556,50.73800683469104,10.713053852127285,40.05981738107051,5.066409425717927,2.0316708754208754,29.446666666666665,1.6514101718094012,26.666666666666668,27.8,29.94017094017094,9.297791175701716,90.70220882429828,52.1707291407761,0.11018255467738117,159.5444493108165,53.638717291139045,0.02,0.2,0.78
hall_monitor,300,300.7408,0.2469333333333212,150,5.0,118.03839964493676,116.6163112637313,9.192544152350646,5.8563285169297705,38.73462423392957,39.4308108208126,38.78547256490585,8.701977128051347,7.413090102413019,b4320e1a0bb35de550b12a23544d6cba18c7dd293fa95f564139dbb091213ce7,70.63609840172013,4.218389442230295,72.05287847755653,6.986918359025905,59.24430629262012,3.4053217241170395,6.891493055555556,27.466666666666665,1.4772346537440226,24.666666666666668,25.9,27.94017094017094,6.653977471926175,93.3460225280738,43.33068199799325,0.1148500291905193,142.73785274621213,48.445501198256736,0.02,0.2,0.78
highway,300,300.416,0.1386666666666647,150,5.0,62.59273211120916,57.29793917379073,14.811301411649692,7.746065900702633,39.02050011615275,39.26758394907704,39.04714882064604,8.147612189604379,7.6970084964225585,0f6b64e8a067034571017fb5900633efb1a0e56cf967b17f94eed91feec08df9,37.44953839166376,5.032302362567818,40.70483956397693,9.122034413069322,30.441212559654524,4.153817469648223,20.2550242003367,27.80666666666667,1.2366442046477593,24.666666666666668,26.333333333333332,28.264957264957264,9.118909522883905,90.88109047711609,40.97542175685477,0.0842861502898125,164.03920119160355,71.82852224864926,0.02,0.2,0.78
husky,300,298.648,-0.4506666666666548,150,5.0,166.36258966766866,159.38772845431023,62.02822638886916,51.30729807245308,19.85841448156319,21.56784466365322,19.910871315255346,671.7983188657408,453.2062542525954,c3678bc8a626268d373489881d149e58786132f2593104b8955b966f4bb729cf,105.5529156517736,34.472246546804335,107.9342987683146,40.52016692990303,85.50804466143398,28.041541160564265,1.2608967276936027,44.54,1.334815842479154,41.666666666666664,43.03333333333333,45.0,9.29320888929625,90.70679111070375,58.17512595213874,0.13492972587597699,101.23696384417087,54.97291085804249,0.02,0.2,0.78
ice,300,298.84959999999995,-0.3834666666666875,150,5.0,90.672634815298,75.97038868585814,27.69396796594327,16.784039906462453,38.99475464550506,40.29990293692461,39.085760926766746,8.196055608164984,6.068621720679013,fa81e654d24e628ce5c3b32cd090e4b2f8eed6d90bc670bd8d109615c20aba0d,57.16706269421655,12.584664073075263,68.89912049125593,21.165952065790357,45.85543581911053,10.113364743951603,0.001071917087542,29.68,1.2560254774486066,26.666666666666668,28.166666666666668,30.145299145299145,10.54497834654117,89.45502165345883,53.35708581168431,0.0726094410137456,138.68861768728954,41.071137341359965,0.02,0.2,0.78
mobile,300,300.28,0.093333333333323,150,5.0,174.031680576255,169.30473584888924,32.25438336034269,24.994171138491065,27.455770964190627,28.71184021654769,27.658768820916777,116.81625105218856,87.47749522131033,f86d2b6ba8f5d57dc92f7cd4f789575348de5762e60ad769b919aebc88ac4152,103.05359632964748,15.666488569650694,106.02722002939744,18.960267678904145,87.02304493259581,13.077614534777751,2.044547032828283,37.013333333333335,2.049346779396357,34.0,35.4,37.504273504273506,3.3563039188295494,96.64369608117045,69.73983610040929,0.19568352135639347,128.96509285563974,62.891230872934976,0.02,0.2,0.78
mother_daughter,300,300.5456,0.1818666666666635,150,5.0,55.555480296784864,54.78674054690197,9.544676790615918,3.935659661438789,42.706125145476726,43.75032139699098,42.77555330591554,3.487127656776094,2.7418785949775533,eb37da87e9d6b93297723a82a4d4cef1207b4db75c1af369ac6907d7c3bbd8e3,41.5179743889939,2.5090370899646106,41.95892088389874,4.558854652338673,33.18934733960129,2.0926411111306225,0.2931923400673401,23.186666666666667,1.6508045176687505,20.333333333333332,21.6,23.666666666666668,5.432801999743421,94.56719800025658,54.138343090134875,0.1371716401681406,114.95233388573232,36.32308874045654,0.02,0.2,0.78
news,300,300.5872,0.1957333333333366,150,5.0,127.59719998364416,123.9202003348814,28.36357526109084,6.741852367160433,40.62759695875548,41.52256735436666,40.805174465124615,5.627566879734848,4.579558650743546,260981f5afde757e1a5f154a06a502c680c728c134a27eca3933f2ba99b38ba7,84.49777362089155,4.033669806244061,85.23930020417049,17.910376764203686,70.5054861940393,3.354676174595635,2.0063065551346804,25.72,1.9117879938249778,23.0,24.033333333333335,26.22222222222222,8.74478583852317,91.25521416147683,60.18115836531381,0.1400500063392864,80.21251893939395,51.79303599176711,0.02,0.2,0.78
silent,300,298.9616,-0.3461333333333427,150,5.0,71.90585415437168,70.74983658687289,10.438347029034968,6.718410781084233,37.44653468525496,38.539440802718815,37.69765399748288,11.706495225694445,9.10198846099888,e009846c3eac37fe14740d0a6e35c221322ec2a424256c815049b412f252b20b,49.28461660268372,4.554756714198684,50.26738117186756,7.0962173324796325,40.64271485653427,3.7744057774425537,0.932521832912458,27.35333333333333,1.9013562410962221,25.0,25.766666666666666,27.82051282051282,9.820687563683183,90.1793124363168,52.68147794785916,0.1696404233666931,126.2031225010522,50.386137806071865,0.02,0.2,0.78
soccer,300,301.0704,0.3568000000000015,150,5.0,81.91510707314336,65.80783832484605,50.76106387108246,27.47282661035845,33.9339553234886,35.36916824279485,34.40210205137353,26.283598747895624,18.88702419156846,3b6b1e95fc32da7166f0f616cfcdb1ef7ec50917b2223e0117865a51dcaf81f8,38.04255338617792,16.991279148691625,48.89060724317262,31.764573691771734,31.951069120730757,14.183370251215768,0.0331899726430976,33.12,1.356072761076386,30.0,31.533333333333335,33.60683760683761,16.148023035649743,83.85197696435026,48.065471923641766,0.08542240404629434,132.0244089330808,41.14376646928621,0.02,0.2,0.78
tempete,300,298.8992,-0.3669333333333302,150,5.0,106.74889656562934,104.47986846181864,19.063954457233148,13.307662169899675,30.310422235479205,31.606073195858706,30.52288645403728,60.5394034748527,44.92344376929013,3ec7eacbc992f50e4d36eb36187ec16f5c6410487d4753a021c8488bfbefa52f,80.39972887542368,10.651825779557218,81.53751404957409,15.342368816396602,63.92719451064605,8.406296289254405,0.0400686553030303,34.74,1.9610541382973938,32.0,33.06666666666667,35.23931623931624,6.0180720122901254,93.98192798770987,62.46296802935547,0.14995586978293704,77.4819165614478,44.13456499964384,0.02,0.2,0.78
waterfall,300,297.0208,-0.9930666666666644,150,5.0,67.69352978290662,64.9074466903244,6.773552685460138,4.820564688226851,36.088654337970524,36.72694634591713,36.42355561810553,16.00349826388889,13.816108217592593,0c6c0d34d9fd4c7c14bfed5f4df8d1870ac6a5b93e06e0d5bb250f362494aa18,48.09581040369752,2.9966663583055104,49.67172208169944,4.298187624855551,39.58695369313998,2.5113400804481256,0.8826809764309764,28.013333333333332,2.48458357789702,25.666666666666668,26.366666666666667,28.495726495726494,3.4093466621601407,96.59065333783985,70.8273655511141,0.24062819398229257,101.76751262626264,29.795966741642218,0.02,0.2,0.78
akiyo,600,600.6368,0.1061333333333358,150,5.0,66.95879550615602,65.37900656377691,5.860744166584171,2.5735724884555142,47.69046396233516,48.29081872037619,47.85967380104935,1.1067103324915826,0.963825669893378,d3d9d1b15550c955466b92decc79dcf6d80e2018c761ea5e6c371019f878c3a5,46.55987301860048,2.0851375284162352,47.79568889451024,4.63997093568474,38.47762809105152,1.6743020495595569,0.2240635521885521,15.753333333333334,1.8108438793986508,13.666666666666666,14.066666666666666,16.23931623931624,2.797414639186551,97.20258536081344,43.63443987115092,0.23900792212333596,93.27200270938552,47.56596401296539,0.02,0.2,0.78
bridge_close,600,601.0831999999999,0.1805333333333214,150,5.0,87.60987717720626,85.92247733640319,7.209813911242209,4.4976107102681055,36.37109580710091,37.13532956534127,36.48737244601234,14.99583938341751,12.576141186167227,337758340342272dcd47379776f9af2a262df4510d503120361600ef7e4edbb3,46.489713738909245,2.057120812977852,47.33227211124191,3.114258091305389,38.927531902753074,1.805545927255943,23.07123316498317,27.56,1.5469539962993941,25.0,25.966666666666665,28.034188034188034,6.934571446270235,93.06542855372976,38.84393231841817,0.20145061876357628,169.51597005208333,61.14946643462945,0.02,0.2,0.78
bridge_far,600,594.3951999999999,-0.9341333333333424,150,5.0,49.95068729684819,49.66545949811962,4.1716611756122655,3.085254749222957,39.65054236489929,40.26202960194563,39.69203120374399,7.047354600694444,6.121775524340628,cca09ddb38442e25229e8779c277261802edc08f1f54a36f71efc02b13b5788d,36.02746347701467,1.6361580650264196,36.30514998246775,2.2077303123949723,28.646346816626373,1.3988512065435406,16.864366319444443,24.28,1.2916139774199822,21.333333333333332,22.666666666666668,24.76923076923077,7.318689176867259,92.68131082313273,13.949128914393562,0.17571239253372622,171.43959471012204,58.94011770458877,0.02,0.2,0.78
bus,600,602.6655999999999,0.4442666666666595,150,5.0,150.62756676615962,143.18757990199913,38.33408732959468,33.83976516503171,32.34341717035668,33.788892953841376,32.44463221730598,37.90867838541666,27.17634614372896,dd4a2013467cb7518514ea7fce3703f22e5164766c8974526beeefb632edced6,96.1538176033683,25.41941744940125,101.6497900973938,29.18046407139073,79.61018894956847,20.465766019929223,2.340080492424242,32.42666666666667,1.3433622825664795,29.0,30.866666666666667,32.914529914529915,7.551663156129495,92.4483368438705,40.500222725900485,0.18146436113978562,81.59696640888048,51.05833819724216,0.02,0.2,0.78
coastguard,600,596.1376,-0.6437333333333295,150,5.0,121.13577140488366,105.27532947021994,34.91400169058398,16.992151605314266,33.26497568953082,34.826854722152305,33.37390140003934,30.660751262626267,21.39906947074916,00e367cd32cf4d3045098c8568e0ab4242314a0632e2759d6f2ba0f299db1600,74.68946896334509,12.420229411563476,84.35164498751719,24.471958913008688,60.6808751934743,9.99422166934079,1.4186921296296295,31.386666666666667,1.2847135435142298,28.333333333333332,29.866666666666667,31.854700854700855,10.669807894069766,89.33019210593024,42.16235003755605,0.18565065546063658,113.78267564972644,49.617197846037065,0.02,0.2,0.78
container,600,599.4576,-0.0904000000000126,150,5.0,127.7149805998856,126.92832970814123,3.361748417300696,3.0764291271450186,41.811237693300846,42.91660702827408,41.97584161300944,4.285056883943603,3.3221532161896747,e0dfce4f8ff89a6357f40eeaef6e103aaa7bfca1b8b8f46d2089daf7fe229776,73.7028567640117,1.7840919872426402,74.39398576443709,1.928927803745213,62.65718788295378,1.5092685382476434,3.048190235690236,21.38,1.899719277507425,19.0,19.766666666666666,21.854700854700855,4.046593775973983,95.95340622402601,61.73787248459191,0.3284921487694223,145.19248743949913,47.79063564280482,0.02,0.2,0.78
flower,600,597.3088,-0.4485333333333341,150,5.0,160.38033302735326,156.25476179015482,38.972889889220816,33.61219178090622,30.732872799471096,31.848544459347643,30.879037971839217,54.927910813867854,42.484050355990455,f8112b202d7e5b2fff28c3de3824418f4615f4024358614bc6f0bcfc60a23341,80.48473787749798,16.115753188112368,82.94872812687679,18.342192453087005,68.99484151959611,14.075478187518511,48.11975220959596,33.766666666666666,1.718203195847983,30.666666666666668,32.166666666666664,34.256410256410255,3.838534335108757,96.16146566489124,50.296377055159816,0.25620853554722733,195.35579795349327,58.794912068916865,0.02,0.2,0.78
football,600,600.4384,0.0730666666666657,150,5.0,124.66637984953542,78.32543152243431,40.24144209433064,28.01277464812324,33.21616288808981,34.46901753351784,33.728618956895865,31.007308633207074,23.23692239232604,44bb1d095b5155e96ef3d294a6d41ed2f6f0ec471a31cd2205d3b930f7403131,58.21618127705278,17.688305553753853,82.17570916450595,26.10119186616035,47.80827742979127,14.701165961263392,0.9040930134680134,33.92666666666667,1.2334054032996973,31.0,32.166666666666664,34.452991452991455,32.414834665719816,67.58516533428019,30.282200316426085,0.1284177908747524,104.8549116819234,32.51160061280191,0.02,0.2,0.78
foreman,600,595.7231999999999,-0.7128000000000134,150,5.0,86.26076799589327,81.93508318540982,20.54387278605769,11.626367052948623,39.34830393340565,40.54695914310992,39.465562865273554,7.555269623316499,5.733033065025253,74801df417a617edcabd6ca209b1d721a7cda3763c0155d8e1f0c05a76d9a479,48.46943498416387,5.876467684525556,50.73800683469104,10.713053852127285,40.05981738107051,5.066409425717927,2.0316708754208754,24.726666666666667,1.5357806556348539,22.0,23.166666666666668,25.196581196581196,9.902347821685023,90.09765217831497,43.054548016843746,0.18902589341498727,159.5444493108165,53.638717291139045,0.02,0.2,0.78
hall_monitor,600,600.4816,0.0802666666666507,150,5.0,118.03839964493676,116.6163112637313,9.192544152350646,5.8563285169297705,40.2300125250309,40.85879368280207,40.27814652123558,6.167073271780303,5.335817813552188,ac27a5d8ef87403451507faa01cfa14298c82e7961619d54b193d9f12feb926a,70.63609840172013,4.218389442230295,72.05287847755653,6.986918359025905,59.24430629262012,3.4053217241170395,6.891493055555556,24.6,1.346600658448277,22.0,23.066666666666666,25.05982905982906,7.251226191257139,92.74877380874285,25.14113769425825,0.15631068209153987,142.73785274621213,48.445501198256736,0.02,0.2,0.78
highway,600,597.664,-0.3893333333333304,150,5.0,62.59273211120916,57.29793917379073,14.811301411649692,7.746065900702633,40.15070917383746,40.45156684243727,40.17760395457313,6.280720157302189,5.860351650182379,f066ca45901b00d66a610b24fabc4f6cd032a0a8c663359c734d7f193eb22f15,37.44953839166376,5.032302362567818,40.70483956397693,9.122034413069322,30.441212559654524,4.153817469648223,20.2550242003367,25.166666666666668,1.2879786057574438,22.333333333333332,23.566666666666666,25.64957264957265,12.030118044065977,87.96988195593403,19.821166130985777,0.1257348986623132,164.03920119160355,71.82852224864926,0.02,0.2,0.78
husky,600,600.6528000000001,0.1088000000000199,150,5.0,166.36258966766866,159.38772845431023,62.02822638886916,51.30729807245308,22.14748855105137,23.837987488426688,22.207385086928333,396.5806367713594,268.70862834069857,67b13b57eb2d914df7d0c25e14c3b81ac5ae53b1ad024789d690bb8da43ec96a,105.5529156517736,34.472246546804335,107.9342987683146,40.52016692990303,85.50804466143398,28.041541160564265,1.2608967276936027,41.346666666666664,1.194357102749797,38.333333333333336,39.86666666666667,41.8034188034188,9.770769586916616,90.22923041308339,43.890594389216446,0.20235336874895818,101.23696384417087,54.97291085804249,0.02,0.2,0.78
ice,600,596.5168000000001,-0.5805333333333107,150,5.0,90.672634815298,75.97038868585814,27.69396796594327,16.784039906462453,42.99792864559408,44.19107676923163,43.08076435971101,3.26052471327862,2.477266238776655,22b5a6f6761cf23d65f593547f937be0d3e97e68985d501a26fa1943aa5e56af,57.16706269421655,12.584664073075263,68.89912049125593,21.165952065790357,45.85543581911053,10.113364743951603,0.001071917087542,23.566666666666666,1.2133516482134197,20.666666666666668,22.066666666666666,24.025641025641026,11.224654937432467,88.77534506256752,44.615362294352984,0.1272796283989089,138.68861768728954,41.071137341359965,0.02,0.2,0.78
mobile,600,598.8352,-0.194133333333335,150,5.0,174.031680576255,169.30473584888924,32.25438336034269,24.994171138491065,30.60372174896491,31.689616893107274,30.7667502254361,56.58589455755471,44.06752621703142,e834398dfce6754c81ea250f34321662b56bb4d709da5bb505b557b45ba527d4,103.05359632964748,15.666488569650694,106.02722002939744,18.960267678904145,87.02304493259581,13.077614534777751,2.044547032828283,32.94,1.7822457742971365,30.333333333333332,31.3,33.427350427350426,3.2411757717612346,96.75882422823877,54.563437966339855,0.2730564087403452,128.96509285563974,62.891230872934976,0.02,0.2,0.78
mother_daughter,600,601.7968000000001,0.2994666666666701,150,5.0,55.555480296784864,54.78674054690197,9.544676790615918,3.935659661438789,44.92833976047256,45.83262087117681,44.98734952607448,2.090481770833333,1.697533187780584,cd05ad04bd4d02d301a20a71250232dc450bd6e420da20601349eae21b423909,41.5179743889939,2.5090370899646106,41.95892088389874,4.558854652338673,33.18934733960129,2.0926411111306225,0.2931923400673401,18.993333333333332,1.5853355761127954,16.333333333333332,17.366666666666667,19.478632478632477,5.529412104848376,94.47058789515162,42.47392500963325,0.221970198549872,114.95233388573232,36.32308874045654,0.02,0.2,0.78
news,600,601.7216,0.2869333333333168,150,5.0,127.59719998364416,123.9202003348814,28.36357526109084,6.741852367160433,44.11696027044161,44.85874122655914,44.253235379759225,2.519905960648148,2.124252989969136,335aeb6b67962e0a1449be096355bb8494d4861d72914eb46b8c6ce08eb74413,84.49777362089155,4.033669806244061,85.23930020417049,17.910376764203686,70.5054861940393,3.354676174595635,2.0063065551346804,20.006666666666668,1.7832429883657346,17.666666666666668,18.4,20.478632478632477,7.812885031793281,92.18711496820673,51.32060655929185,0.2354613833865421,80.21251893939395,51.79303599176711,0.02,0.2,0.78
silent,600,602.792,0.4653333333333398,150,5.0,71.90585415437168,70.74983658687289,10.438347029034968,6.718410781084233,41.25736134628706,42.22569120208304,41.43403370984944,4.867928898358585,3.895033889239618,3fd132428b85bc932bf605a7616c0850199af887b71d6116b7c49b203d93d0e5,49.28461660268372,4.554756714198684,50.26738117186756,7.0962173324796325,40.64271485653427,3.7744057774425537,0.932521832912458,22.073333333333334,1.7966512058703978,19.666666666666668,20.466666666666665,22.54700854700855,9.305265053095537,90.69473494690446,43.93292830937274,0.2834479013129076,126.2031225010522,50.386137806071865,0.02,0.2,0.78
soccer,600,597.3872,-0.4354666666666618,150,5.0,81.91510707314336,65.80783832484605,50.76106387108246,27.47282661035845,37.52177061438837,38.852906319802656,37.92746020220724,11.505441787668351,8.468173137626263,29ef02688db0bb5f13f1fd901720c4d8f79866802b6da0905a11943c135f81c8,38.04255338617792,16.991279148691625,48.89060724317262,31.764573691771734,31.951069120730757,14.183370251215768,0.0331899726430976,27.78,1.3209592474158063,24.666666666666668,26.233333333333334,28.256410256410255,18.049357830086528,81.95064216991348,39.75352988605587,0.1591447592796402,132.0244089330808,41.14376646928621,0.02,0.2,0.78
tempete,600,600.8671999999999,0.1445333333333076,150,5.0,106.74889656562934,104.47986846181864,19.063954457233148,13.307662169899675,33.26166078099307,34.41873690920272,33.42055308144075,30.6841631155303,23.50751218785073,03e15218b977c5eec890362c11f46e5de61cb6adee0cf79f8da5551107db6386,80.39972887542368,10.651825779557218,81.53751404957409,15.342368816396602,63.92719451064605,8.406296289254405,0.0400686553030303,30.673333333333332,1.5853355761127952,27.666666666666668,29.166666666666668,31.136752136752136,5.347321122275107,94.6526788777249,48.461929254889256,0.22264935110069403,77.4819165614478,44.13456499964384,0.02,0.2,0.78
waterfall,600,597.336,-0.4439999999999999,150,5.0,67.69352978290662,64.9074466903244,6.773552685460138,4.820564688226851,39.326470044430415,39.74660221007903,39.60200327720489,7.593348918876262,6.8931882628367,bba5077b93a169ad5174f0e4f758d498cafa02026f59d29beaac0db3660cd106,48.09581040369752,2.9966663583055104,49.67172208169944,4.298187624855551,39.58695369313998,2.5113400804481256,0.8826809764309764,23.686666666666667,2.2865889199611042,21.333333333333332,22.1,24.153846153846153,3.1826055826796718,96.81739441732032,56.184652736774986,0.36405932701641924,101.76751262626264,29.795966741642218,0.02,0.2,0.78
