sequence,target_kbps,psnr_y,ridge__rate_type,ridge__si_ti,ridge__qp_only,ridge__si_ti_qp,ridge__si_ti_qp_cu,ridge__all_easy,hist_gb__rate_type,hist_gb__si_ti,hist_gb__qp_only,hist_gb__si_ti_qp,hist_gb__si_ti_qp_cu,hist_gb__all_easy
akiyo,150,42.55814712228885,31.585998694718747,37.14676078714895,41.35677351710678,41.90016395522673,41.95337880197751,41.55120157392049,31.615702979128965,33.299879618092824,39.551460064751765,38.96239884882712,39.02438446123106,39.63895272165711
akiyo,300,45.14429892294056,34.284073273683184,39.44616464474401,44.78464058124197,45.283031319677235,45.11281322710441,44.77868130635676,34.22838983268551,35.34825293156612,41.6163237838817,41.74422723828016,41.69500775873263,41.80583423770688
akiyo,600,47.69046396233516,36.982147852647614,41.745568502339076,48.29473496824808,48.665232688063874,48.21601211166208,47.755161603147755,37.00812701024407,37.77957720609771,42.07589550196693,42.066006915263316,42.04291338856207,42.26178839177236
bridge_close,150,32.70025243121563,32.1055627368404,38.5175781776812,34.05058913202823,33.31353448079472,32.82326268400567,32.534694326434995,32.13463500524168,41.12860694176448,33.97609976028538,34.966294866864736,33.91212159093105,33.14108179934129
bridge_close,300,34.51804041935119,34.84202978859365,40.84970159044405,35.41163487328021,34.629882356018065,34.22292558052601,34.01642833977508,34.78766337906168,43.563043364971456,34.194264315813,36.933581749281075,36.45058928965994,34.76058960873529
bridge_close,600,36.37109580710091,37.5784968403469,43.181825003206896,36.77365767883509,35.92258112555801,35.559417544175226,35.47762864025381,37.60379098688815,44.78338598433289,37.30534260441421,38.91332473881406,38.975343179418594,37.29566404600417
bridge_far,150,37.96523935669077,31.830515630483596,40.29530303402243,40.5464965996259,40.27154850584548,39.65102924718309,39.43216011536132,31.85766274794287,34.85370875565873,38.86538611045204,38.25003865855618,38.396809506321624,38.57243333239447
bridge_far,300,38.67819740233179,34.619142236554104,42.671878843076556,40.39730512359535,40.07948206800599,39.6801433767684,39.70701888906187,34.56869814912431,37.08149390533304,38.57540631468332,38.40722249812456,38.38713782482227,38.380214849007906
bridge_far,600,39.65054236489929,37.407768842624606,45.04845465213067,40.97309526284044,40.58865135524098,40.2914674830033,40.41418789078764,37.43106580698604,38.54658314773552,40.755344035829474,40.739886301087864,40.91265519354966,40.14692811730385
bus,150,26.21803135568545,32.451293078013855,23.659118052757343,26.755975694640867,27.051940301195955,26.496482510973763,26.190449315032794,32.47565831186023,21.979282946704874,23.038485663623696,22.208661902220502,22.1433589681055,22.254267884396825
bus,300,28.99667633300831,35.12328003067466,26.289643138911337,29.18326001492879,29.5389466489686,29.077781434504818,28.94459571814074,35.07823868137047,22.090434736634595,28.210796540512856,26.26953684441238,26.570276914992867,26.344482245396904
bus,600,32.34341717035668,37.79526698333546,28.920168225065336,32.227261274419625,32.64114335754549,32.16604105103059,31.99925010638473,37.81594310445705,24.062219402377323,33.61276592313219,30.31268191990064,29.999414590142177,30.024679790771003
coastguard,150,28.85964353347864,32.31025629845037,28.648972436516097,29.624956326220723,29.57200947297037,29.264032488549454,29.19888119973456,32.33673147016409,31.16775804447559,29.090635121003498,28.349924847951794,28.557521159032436,28.64383619227493
coastguard,300,30.897040112982328,35.02742854862306,31.32398166901369,31.388218246321475,31.295902395677537,31.148648378806275,31.195657350438108,34.97822969450956,35.12084390942246,32.20456194499895,31.80330083954843,32.5152101060185,32.163236234565275
coastguard,600,33.26497568953082,37.744600798795744,33.998990901511284,33.471181728811494,33.33321647287394,33.3133629843989,33.35161753164232,37.76732448731094,38.29185305791344,35.57475396718913,36.2269408500101,36.45396234471345,35.2135820518629
container,150,35.87620910211978,31.938544832336483,36.45685520665405,35.57156889499374,34.967348987892755,35.48020209309527,36.065969735582215,31.96733457113938,33.17306087531238,38.30020027663473,37.451998826031954,37.97831466026938,37.91179913672506
container,300,38.81229229476345,34.61553241258459,39.09230332445003,38.5369102551486,37.95608182232883,38.3583354557993,38.81298319287758,34.56164893915593,36.13511954176737,40.335954307701066,39.87467580590314,40.306126919950145,39.443457744400696
container,600,41.811237693300846,37.2925199928327,41.72775144224601,42.28763024491629,41.57173638960175,41.68680431312087,41.662886220690076,37.317613726320175,38.19933836879972,44.21820839263241,43.660441519241544,43.232439574080026,42.89689321653044
flower,150,23.829580115243605,32.57835325159145,27.352713188220232,23.47321950196593,23.699587213918612,23.26931939477211,23.649232487155906,32.60131968919987,28.72946434752905,23.92266592491731,26.13006768544527,25.964774413124463,25.178014841909533
flower,300,26.91805881656113,35.229904822390004,30.00426475901879,26.22223649193546,26.396044817541686,25.781582607571224,26.21801347656387,35.18763281862424,31.218065052739487,27.912708116931924,28.76716153959439,28.445411479163436,27.81034712299934
flower,600,30.732872799471096,37.88145639318856,32.65581632981734,29.780633404128885,29.87330945586775,28.960680667243576,29.144555493509593,37.90076194966735,34.31318531701095,31.208047642632813,31.619524336261215,31.240833162608517,30.863286873800746
football,150,27.16269768304421,32.40272008377221,28.224981373829845,24.14010985261283,23.751344388222982,24.459289580975586,24.199839314056085,32.42594643751649,30.980381020566586,22.4226283024281,27.064659564002827,27.030308918239474,27.661418063156063
football,300,29.8402329785521,35.076596369435435,30.898857659493075,27.40517547293588,27.11704589224549,28.396710051164163,28.298479992041592,35.033835376028776,33.51084143065059,27.007767690264963,30.265819341026493,30.36303504317708,31.126518503062425
football,600,33.21616288808981,37.75047265509866,33.5727339451563,30.53052488873919,30.532979181937968,32.36004880372632,32.340128384818904,37.77000729787941,36.105728701734236,31.77011462966621,33.324492537133125,33.514267972730195,33.53202528893229
foreman,150,33.735001080411614,32.05145296381798,33.89335665761358,33.370983358138325,33.371510286452256,33.33549683165811,33.4532045028721,32.080050872640705,34.333017165603295,33.188183565822705,33.531754723361935,33.95511552180243,33.88802488332123
foreman,300,36.49892713857675,34.736892183423016,36.57879587721862,36.51259357129032,36.641798697123605,36.69230486977448,36.95755681379161,34.683404030059855,37.41629017641587,38.131547753894466,38.11836125867581,38.1087902962511,38.38470997271936
foreman,600,39.34830393340565,37.42233140302805,39.264235096823654,39.73120871295402,39.89948268867277,39.884755338515774,40.06205713240709,37.447221633327814,40.26628090584353,40.15573135372676,39.89222595772266,40.033061983877495,39.906658660784736
hall_monitor,150,36.92677275743205,31.88008097214882,33.157607368896116,36.73295164843839,36.46639899142006,36.88965565503496,37.644717511987835,31.91220272860251,34.513788761530996,36.093094359128,35.52554302981641,34.828960489098925,35.75378508482798
hall_monitor,300,38.73462423392957,34.6262048612476,35.9037312579949,38.993246581732706,38.60153369680671,38.73826125328908,39.81583524400626,34.56575280058407,38.545589540543816,37.96648078313223,37.31934908803442,37.2867258489674,37.81941990053781
hall_monitor,600,40.2300125250309,37.37232875034638,38.64985514709368,40.32037376045481,39.80321062469115,39.87593556911499,41.24137385319353,37.40065905081615,41.179543698130566,40.082460388550984,39.77682061888419,39.65084338337541,39.90679197632301
highway,150,37.76123065928195,31.837813044274476,35.530391964568935,38.27334596163859,38.49594530059128,37.78696756107262,36.360963026967184,31.86834650685243,36.30109821923228,35.49152208124182,35.7811534222619,35.443263195958785,36.01552464316374
highway,300,39.02050011615275,34.6079411694427,38.30052008973716,39.26252283447279,39.38423605114054,38.92419457192798,37.7543826357485,34.55069885370742,40.44944379351028,38.292123335935344,37.7082629624317,37.633914826266405,37.74325241133457
highway,600,40.15070917383746,37.37806929461092,41.070648214905376,39.87014144276377,39.92898114623457,39.91492513704567,38.892950776246806,37.404778147488855,43.0671376179742,39.55628552438771,39.713482699769344,39.45050434883578,39.53415318055134
husky,150,18.247070357022825,32.87188158612168,23.685989090841915,21.689238880352306,21.614815345442814,21.083940942027546,20.76312752775799,32.89532781621066,26.530244233762375,27.963940161394984,27.257919433870857,28.084150761329347,27.568376012786917
husky,300,19.85841448156319,35.602317775752084,26.416425280472318,22.480857765562753,22.314152614444634,21.94302557010606,21.704832591235093,35.55919513813076,28.270488517917254,27.963346521008035,27.25999066665469,27.853524650826817,27.67419680997555
husky,600,22.14748855105137,38.33275396538248,29.146861470102717,24.18054886221259,23.906492683503576,23.444814598561486,23.220309699771896,38.352430385355895,31.91592166109574,27.838218844187878,27.31797726883694,27.853127949511624,27.852242209040224
ice,150,35.185844898788375,31.97594593173515,30.06213953054379,32.82102611748841,33.05565833373267,32.71125010144534,33.13025050557527,32.003551797609006,29.26208279790106,31.19944862901059,31.251500365046606,31.522609481887965,31.57397230272209
ice,300,38.99475464550506,34.603623831888044,32.30154860664424,36.99709547402667,37.32153081833259,36.991878129261586,37.6260652413106,34.55204003375344,31.105578370402814,37.0669312624963,36.43411357699598,36.00225033575227,36.814225006000996
ice,600,42.99792864559408,37.23130173204093,34.54095768274469,41.48072842125333,41.9204518719283,41.55709419485703,42.300692049051406,37.25527965728959,34.886304414410084,40.34575877731016,39.148317119275966,38.801973073875985,39.978234193354574
mobile,150,24.1636386256224,32.55315646016857,26.384042995329295,24.795637772931077,24.92926030001165,24.800632504194468,24.38506490472868,32.58374879203564,23.841711401919166,23.72985066479625,24.148790581192927,24.135212795033357,22.92459288499378
mobile,300,27.455770964190627,35.2168764082233,29.006429357983176,27.77994575439383,27.87678163831408,27.533912292316515,27.05826724766984,35.159369457746216,25.0838717807313,28.60744339801773,28.956958222978187,28.569791210459616,27.587418348971262
mobile,600,30.60372174896491,37.880596356278026,31.62881572063705,30.658446535672375,30.659611210133185,30.065676586413957,29.50303535007494,37.907510987408315,28.163741952731772,31.643102056111484,31.139709209424925,30.859063232690467,30.090981413823744
mother_daughter,150,39.88883967695111,31.721623679222834,37.63978158943804,39.868223466240124,39.86267237656067,39.5727258700425,39.99853569893364,31.756186920844375,37.51949956277137,37.71475811189753,38.1889249680188,37.34696552777119,37.919170870634616
mother_daughter,300,42.706125145476726,34.422136526747465,40.2983899272597,43.035819509465924,43.120135032697476,42.75891185689185,43.268049068729354,34.35673853478293,39.89952469930189,42.764371467972715,43.858082481306845,42.780207896526555,42.09454655088601
mother_daughter,600,44.92833976047256,37.12264937427209,42.95699826508137,45.583450846039895,45.68661061311177,45.23594398529401,45.644758216949405,37.153484122173026,41.11510682606008,43.11004745407585,43.93829670903515,42.77707918001861,42.100777726064976
news,150,36.67274050103287,31.891917876669858,31.70161114962758,35.41877461820992,34.83295559001804,35.93399330814636,35.196398819752346,31.925303633846916,28.890203678709515,33.2925876980132,32.19950259216978,32.25844634226645,33.066762233287335
news,300,40.62759695875548,34.529259453987294,34.33895272694502,39.65495632439419,39.27635366008627,40.323297487254564,39.66514605318884,34.46612921092154,29.496871201183694,38.548983184443316,37.31507652608509,37.24406317950562,38.047805085959396
news,600,44.11696027044161,37.16660103130473,36.97629430426245,43.934707263591754,43.64220976160094,44.462088423178685,43.6527668298382,37.196345517543435,31.796710388030586,43.68987249382889,40.197905721233305,40.06321712948646,41.229772424167436
silent,150,34.1283346852311,32.03425305831616,34.9215761783251,34.215197120129375,34.39433600583491,35.20492389571402,34.92632555696318,32.05926048274595,35.22416467737061,32.3289164855813,33.10005830533066,34.30853568843787,33.50680535439175
silent,300,37.44653468525496,34.6798746647497,37.52614503569328,38.097813959027924,38.32684888719702,38.87045128619077,38.54991831054768,34.633512515260364,37.97885042604076,38.439845958786755,38.124822021667086,38.4039779581913,37.87990996921303
silent,600,41.25736134628706,37.325496271183226,40.13071389306147,41.86514469317741,42.18633428622989,42.47542258255495,41.98519240263991,37.34685098916132,40.3446344605727,44.41374353446112,43.58539608463138,43.5497680794874,43.42689452558904
soccer,150,30.99379422018632,32.200616463572054,29.531075597620866,30.06081481461298,30.910697359743807,30.847270077370837,30.794969838882853,32.22427821965916,29.265305898808887,28.879588443461177,31.809276238391284,32.05072376577648,31.92682867478298
soccer,300,33.9339553234886,34.86202748156917,32.19248661561799,33.38492205244516,34.350065589116305,34.64336396048866,34.720993009456585,34.81837847239073,30.353916814368354,31.74441660927989,34.26941517142455,34.548645138250315,34.952350701517155
soccer,600,37.52177061438837,37.52343849956629,34.853897633615105,37.044855549488425,38.14205828438647,38.64478976443793,38.636661270780884,37.54342575342838,31.954399821645605,36.96411624268417,37.677786631227136,37.96884884128646,37.728143868748454
tempete,150,27.52276292615997,32.379092416066925,29.119967342714226,27.750837054813065,27.757211216582675,27.88028698467759,27.756909064027056,32.407004380672106,29.899162036735273,28.918494231511264,27.678397199325957,28.185782178398235,28.535844278926046
tempete,300,30.310422235479205,35.061232292366206,31.760487807139896,30.289410368352577,30.312645695183214,30.301707210216442,30.265079164635704,35.00911147113686,32.69559610824985,30.85509304163704,30.572576335329565,30.65051823818799,31.804665223076476
tempete,600,33.26166078099307,37.74337216866549,34.40100827156557,33.4498612970228,33.32761000597953,32.88357956044633,32.80941599901222,37.76758101898347,35.67935341131221,34.11782326805138,35.1830711517945,34.92220521612471,35.56306781369516
waterfall,150,32.73664220280212,32.102201871678865,36.94143224534652,32.602486540396754,32.72103161916041,32.822912122706036,33.15097199904786,32.1325290924193,39.03598527817744,33.84785879046158,35.530975688199014,34.57677184030861,34.2805105822351
waterfall,300,36.088654337970524,34.761988070566716,39.55994589976887,35.8682012678294,35.99737913653573,35.91193398668498,35.94941897909333,34.705005884325274,42.919922927951326,38.295397628573774,39.43566697592058,39.74896571900924,38.36289125729573
waterfall,600,39.326470044430415,37.421774269454566,42.178459554191214,38.86288772360442,38.95316914216812,38.65363238916346,38.08655505504362,37.448429228266434,44.43003030407232,42.0936431382114,43.20696327097458,43.50567859767546,43.00601093411415
