target_kbps,metric,n_sequences,pearson_r,pearson_ci_low,pearson_ci_high,pearson_p_two_sided,pearson_perm_p_two_sided,positive_perm_p,spearman_rho,spearman_ci_low,spearman_ci_high,spearman_perm_p_two_sided,linear_slope,linear_intercept,linear_r2,leave_one_video_out_r_min,leave_one_video_out_r_max,linear_loo_rmse_db,quadratic_loo_rmse_db,primary_pearson_p_holm,primary_positive_p_holm,primary_spearman_p_holm
150,si_2023_mean,20,-0.7090138456709881,-0.8839064965320953,-0.36330914699650596,0.000465255429538961,0.00045,0.9997,-0.6601503759398496,-0.8854152595073507,-0.2185080911397098,0.00225,-0.19544081636852934,44.63054793605509,0.5027006333531637,-0.7760182983092963,-0.6257286333510776,4.718698578728017,4.765956705855946,0.00135,1.0,0.006749999999999999
150,ti_2023_mean,20,-0.8567918135541646,-0.9337713434751561,-0.7114317069261473,1.413870954849957e-06,5e-05,1.0,-0.7834586466165413,-0.9079101237690381,-0.4943224829674489,0.00045,-0.5894608522491093,38.015687920813974,0.7340922117734343,-0.87267236007167,-0.7947558222973609,3.397115774384951,4.052623177484449,0.00030000000000000003,1.0,0.0027
150,si_mean,20,-0.7038134378632281,-0.8779282851927671,-0.3263116271869911,0.0005341759769143612,0.0008,0.99945,-0.675187969924812,-0.8878830284692615,-0.22330940945781877,0.00185,-0.1148195326126963,43.38656236597693,0.4953533553168561,-0.7526833747086862,-0.6396273290129614,4.724440554472545,4.905883758607864,,,
150,ti_mean,20,-0.8811841462312886,-0.9510597424549804,-0.7285100596668238,2.890005057518105e-07,5e-05,1.0,-0.8406015037593983,-0.9411478348875876,-0.577585703891533,5e-05,-0.40093886854547545,38.3110552863292,0.776485499569365,-0.9021114287526729,-0.8308633840873841,3.0912181894749104,3.5925329402890918,,,
150,si_max,20,-0.7798385056306902,-0.9172658823622811,-0.5195916763089612,5.02653844104591e-05,0.0001,0.99995,-0.7368421052631579,-0.9264395958103581,-0.3490246409841339,0.00035,-0.12536959438052903,45.310522264786925,0.6081480948643081,-0.8237822540123044,-0.7388360020321214,4.1546835037447325,4.30504110185074,,,
150,ti_max,20,-0.7810447852908983,-0.9142495709251053,-0.5462374538831797,4.806934734772348e-05,5e-05,1.0,-0.7413533834586465,-0.8772413841293059,-0.45009052119172493,0.00035,-0.283342986603975,38.737772489202136,0.6100309566301054,-0.82705149701606,-0.6944254870197092,4.216277826269145,4.752720771604034,,,
150,si_2023_full_mean,20,-0.7014679029335357,-0.8836312556154158,-0.37215994155332605,0.0005679875845604572,0.00075,0.9996,-0.6631578947368421,-0.8759600083945241,-0.23960537320124503,0.00245,-0.23074359084649382,44.31378245189663,0.4920572188459722,-0.7703800024599745,-0.6257192766070777,4.767442799268087,4.886075495319588,,,
150,ti_2023_full_mean,20,-0.8631281440854651,-0.9357246665537692,-0.7161929286839913,9.639271183533947e-07,5e-05,1.0,-0.7999999999999999,-0.9106754212471412,-0.5269941510015942,0.00015,-0.7272770525203753,38.11321902775373,0.7449901931124194,-0.8777466949784496,-0.804162597077539,3.3252512330452504,3.957692839951761,,,
300,si_2023_mean,20,-0.6778014137488353,-0.8695274449958352,-0.3019264147359003,0.0010236192104896495,0.00135,0.9992,-0.5624060150375939,-0.8559514783927218,-0.09189582737134767,0.0114,-0.18734303116858717,46.73114256484072,0.4594147564799198,-0.7627299427265349,-0.58018082077724,4.972832209474744,4.928215775362322,0.0027,1.0,0.0228
300,ti_2023_mean,20,-0.8531846658830596,-0.9374376619085998,-0.6756747180164496,1.7443813532333163e-06,5e-05,1.0,-0.7172932330827068,-0.8895654414486885,-0.38332446808510656,0.0007,-0.5885687794944632,40.62425319772409,0.7279240740979881,-0.8776891128490694,-0.7748901455189697,3.4448252065749996,4.1738793515580035,0.00030000000000000003,1.0,0.0035
300,si_mean,20,-0.6767179578614375,-0.8655932203733131,-0.3201263041249919,0.0010502874163844825,0.00095,0.99925,-0.5969924812030075,-0.8635329795299469,-0.15460498778548112,0.0065,-0.1106981701655408,45.60090421084038,0.4579471944921543,-0.7407997126991017,-0.604284175418305,4.937943479424955,5.121216411224085,,,
300,ti_mean,20,-0.8754265968126759,-0.9508013207351326,-0.6960609205039945,4.3288859104672194e-07,5e-05,1.0,-0.7819548872180451,-0.9255333284867283,-0.4411041207168777,0.0002,-0.3993978687253336,40.90483307506757,0.7663717264070233,-0.8949023653791996,-0.8107253263820247,3.165155264488471,3.717523229208092,,,
300,si_max,20,-0.7496997431176935,-0.8973375633019015,-0.4777591560178344,0.00014143854235012436,0.0001,0.99995,-0.6436090225563909,-0.9030314685314685,-0.20816121594458042,0.00225,-0.12085077172291393,47.45383525176037,0.5620497048307356,-0.8083360862552487,-0.702868197417721,4.43692853223878,4.592421256439671,,,
300,ti_max,20,-0.762288303675452,-0.9140259070772154,-0.49704455763042493,9.348718365206795e-05,0.0002,0.99985,-0.6601503759398496,-0.8398806508363422,-0.2825405040504053,0.0016,-0.2772875093504942,41.214555386890616,0.5810834579203981,-0.8114578159008213,-0.6594738766156927,4.419017133981146,4.924373502362911,,,
300,si_2023_full_mean,20,-0.6681381703123426,-0.8623348658531613,-0.2953056445110251,0.001282918421675338,0.00085,0.9994,-0.5639097744360902,-0.8512898330804249,-0.07689681335356639,0.00975,-0.22037516325555442,46.38493461360517,0.4464086146283249,-0.7551026005967093,-0.5795495305173108,5.0269856326968885,5.097431919536101,,,
300,ti_2023_full_mean,20,-0.8587802101208294,-0.9411778028503577,-0.673386944128846,1.256211815545025e-06,5e-05,1.0,-0.7338345864661654,-0.8948290439135422,-0.3898502765608995,0.0003,-0.725573069872621,40.716695162745154,0.7375034492951759,-0.8816982334652013,-0.7840063909807501,3.3813970458943508,4.074618423999431,,,
600,si_2023_mean,20,-0.6500856536882919,-0.8515602480841086,-0.2658276254578345,0.0019162189573581406,0.00235,0.99855,-0.5082706766917292,-0.8447547570470917,-0.013662904011695134,0.02565,-0.17619050144047266,48.79385616404085,0.42261135713133374,-0.7469434616689045,-0.5390803385575555,5.076807522638281,4.902389495589653,0.0027,1.0,0.02565
600,ti_2023_mean,20,-0.8252038942032529,-0.9325962984272541,-0.5828467885176475,7.526874450386632e-06,0.0001,0.99995,-0.6917293233082705,-0.8970505088414729,-0.32626757675417184,0.0015,-0.5582031538525143,43.0969468881913,0.6809614670082135,-0.8612011596788081,-0.7187894627838555,3.691164571548694,4.428616952807741,0.0004,1.0,0.006
600,si_mean,20,-0.6514842157110217,-0.8489432748098169,-0.25678538138188084,0.0018592673306489188,0.0015,0.99895,-0.5593984962406015,-0.8591048644338118,-0.07365223993925589,0.0107,-0.10449932276391997,47.76914407908778,0.424431683320605,-0.7258319658118992,-0.5709391814780665,5.0156921384392765,5.175795834179129,,,
600,ti_mean,20,-0.8438239635260779,-0.9373546620169996,-0.6090556519605695,2.9350293666251894e-06,5e-05,1.0,-0.7669172932330827,-0.9239543726235742,-0.44589458574546864,0.0002,-0.37749803720230507,43.343188480485885,0.7120388814208597,-0.8688667012868131,-0.7523350685906116,3.4816170994711135,4.069490634568902,,,
600,si_max,20,-0.7147441935932806,-0.8753934066782825,-0.40598180370793324,0.0003982098602424789,0.0004,0.9997,-0.6030075187969924,-0.8953018474761039,-0.12037314778389797,0.00595,-0.11297687016068611,49.40221682675038,0.510859262275309,-0.7830594563584315,-0.6594882326498126,4.628604910278422,4.745152796821821,,,
600,ti_max,20,-0.7201730245175292,-0.9041836941057075,-0.3928096545442846,0.00034245994287439974,0.0003,0.9998,-0.6360902255639098,-0.8363938391127099,-0.2516966170625221,0.00325,-0.25687671451308036,43.51499699666583,0.5186491852427257,-0.7781888430102976,-0.5912540536565484,4.696111003869067,5.223297781440083,,,
600,si_2023_full_mean,20,-0.6383504522248874,-0.8413950309813211,-0.21987369174272206,0.0024542323446951914,0.0023,0.9983,-0.5112781954887218,-0.8343527888345148,0.011395338228729585,0.0228,-0.20645831150015803,48.42621809235096,0.40749129985571825,-0.7372355150539301,-0.5374848855355254,5.132804474461135,5.115157780309509,,,
600,ti_2023_full_mean,20,-0.8296666532044813,-0.9361233339098043,-0.5853983550962868,6.067924249773252e-06,5e-05,1.0,-0.7097744360902255,-0.8933780070022211,-0.36315221268576686,0.001,-0.6873526309476122,43.17817836283212,0.6883467554395251,-0.8637067202910564,-0.7270751814862461,3.645886998645877,4.341887560520434,,,
