target_kbps,selection,metric,n_frames,pearson_r_descriptive,spearman_rho_descriptive
150,all_frames,si_2023,3000,-0.698025785044352,-0.63035297440152
150,all_frames,ti_2023,2980,-0.800933224902848,-0.7717817612416462
150,exclude_I_frames,si_2023,2940,-0.6994069797837844,-0.6306985143089522
150,exclude_I_frames,ti_2023,2940,-0.8021621681266181,-0.7731053651102324
300,all_frames,si_2023,3000,-0.6676786817185288,-0.5452171967008479
300,all_frames,ti_2023,2980,-0.795223694930449,-0.7309411060520484
300,exclude_I_frames,si_2023,2940,-0.6694989917736234,-0.5447641350794898
300,exclude_I_frames,ti_2023,2940,-0.7966597644750657,-0.7321187478739265
600,all_frames,si_2023,3000,-0.6417350630762327,-0.4955342394467602
600,all_frames,ti_2023,2980,-0.7690269347647207,-0.6719844281366435
600,exclude_I_frames,si_2023,2940,-0.6439862815036431,-0.4954136183449844
600,exclude_I_frames,ti_2023,2940,-0.7706894824241425,-0.6728222119024757
