target_kbps,model,term,coef,se,ci_low,ci_high,p_two_sided
150,sequence_joint_HC3,intercept,32.99110330321855,0.969605347741275,30.935631788388555,35.04657481804855,2.3560740567386325e-16
150,sequence_joint_HC3,si_z,-1.1719725411347435,0.871453210297301,-3.0193708196673663,0.6754257373978794,0.1974290381595464
150,sequence_joint_HC3,ti_z,-4.9435820968880115,1.0423041527508172,-7.153168193704789,-2.733996000071234,0.00022058636024617828
150,sequence_joint_HC3,bitrate_error_pct,2.512282149217398,1.5986330256729728,-0.8766684734168453,5.901232771851641,0.1356255866690825
150,frame_within_video_clustered,si_z,-2.6513829582022566,1.2708850737647728,-5.311375987980403,0.008610071575890554,0.05067408590038967
150,frame_within_video_clustered,ti_z,0.38320020798244503,0.45716359374159166,-0.573654190518454,1.340054606483344,0.4123325800947287
150,frame_within_video_clustered,I_frame,3.4266796128270127,0.12256574165139823,3.1701465673042417,3.6832126583497837,6.715084747543286e-17
150,frame_within_video_clustered,P_frame,0.4740886331886028,0.045027254834509534,0.3798455057160015,0.568331760661204,2.2799115282613137e-09
300,sequence_joint_HC3,intercept,35.16526684682087,1.0946951306648873,32.84461683829267,37.48591685534907,5.840326362823214e-16
300,sequence_joint_HC3,si_z,-1.386096256382006,0.8396215548535702,-3.166014439856479,0.39382192709246655,0.11825609067419557
300,sequence_joint_HC3,ti_z,-4.274904131749073,0.7937332871394295,-5.957543533324255,-2.5922647301738913,6.063139331031482e-05
300,sequence_joint_HC3,bitrate_error_pct,1.670699391352703,2.06184260488278,-2.7002116728984573,6.0416104556038634,0.42965885405568327
300,frame_within_video_clustered,si_z,-2.3974624175408086,1.3793581838912636,-5.284492276070183,0.48956744098856575,0.09837398699250298
300,frame_within_video_clustered,ti_z,0.47110451932429503,0.47414356290176635,-0.5212893630719608,1.463498401720551,0.33290846646376204
300,frame_within_video_clustered,I_frame,3.8311479647625086,0.13145571238250114,3.5560079966565534,4.106287932868463,3.1019782505323547e-17
300,frame_within_video_clustered,P_frame,0.5924778830588264,0.03477967128154407,0.5196831944621408,0.665272571655512,5.757027960001825e-13
600,sequence_joint_HC3,intercept,37.881377566295185,0.9330250340728587,35.90345285225804,39.85930228033233,1.4382752139479365e-17
600,sequence_joint_HC3,si_z,-1.6405743445537935,0.9583251867310683,-3.6721329862821834,0.3909842971745965,0.1062225187348286
600,sequence_joint_HC3,ti_z,-3.9453849024913548,1.0228389749368125,-6.113706665709939,-1.7770631392727698,0.0013937432788741465
600,sequence_joint_HC3,bitrate_error_pct,2.480147886993693,2.0456134156993517,-1.8563588331054537,6.81665460709284,0.24295002370242563
600,frame_within_video_clustered,si_z,-2.3355491784740776,1.3310862820420335,-5.121544785280976,0.4504464283328211,0.09543826398200142
600,frame_within_video_clustered,ti_z,0.4268939762697499,0.46064312334537355,-0.5372431613898905,1.3910311139293903,0.36568735433488747
600,frame_within_video_clustered,I_frame,4.14494650819603,0.14683366604556636,3.8376201131657033,4.4522729032263575,5.613643168836748e-17
600,frame_within_video_clustered,P_frame,0.7464216307363783,0.035367206591055265,0.6723972166040716,0.8204460448686851,1.19556994093659e-14
